draw,N1,N2,N3,N4,N5,N6,year
1,1,5,14,30,34,48,2016
2,8,14,22,24,26,33,2016
3,3,4,18,24,28,29,2016
4,6,16,22,31,37,41,2016
5,9,11,20,35,37,48,2016
6,10,12,16,19,29,48,2016
7,1,7,12,17,28,46,2016
8,8,15,16,23,31,48,2016
9,4,7,14,16,40,45,2016
10,8,18,22,41,44,46,2016
11,1,23,26,36,45,46,2016
12,1,4,5,9,27,37,2016
13,6,7,18,39,43,45,2016
14,2,19,22,30,32,42,2016
15,3,4,16,20,24,27,2016
16,5,15,29,46,47,48,2016
17,6,13,18,22,38,44,2016
18,8,13,18,25,26,47,2016
19,16,17,23,32,34,44,2016
20,2,4,23,43,45,47,2016
21,28,30,36,39,42,44,2016
22,2,4,5,11,22,27,2016
23,2,6,11,24,35,48,2016
24,8,25,34,45,46,49,2016
25,15,19,21,37,42,44,2016
26,8,14,20,22,25,36,2016
27,6,21,23,29,35,36,2016
28,9,14,17,18,38,44,2016
29,15,17,21,39,44,47,2016
30,16,20,36,46,48,49,2016
31,3,16,18,22,36,44,2016
32,1,4,12,35,44,46,2016
33,4,18,21,22,41,48,2016
34,3,21,26,32,33,44,2016
35,14,16,26,29,38,47,2016
36,5,10,16,21,43,45,2016
37,3,25,26,35,42,45,2016
38,1,6,15,20,28,44,2016
39,1,9,33,42,45,47,2016
40,6,12,25,29,35,39,2016
41,24,26,28,33,42,49,2016
42,3,7,25,27,31,48,2016
43,1,9,10,26,28,46,2016
44,10,19,21,36,48,49,2016
45,3,16,21,30,33,40,2016
46,2,14,22,28,37,42,2016
47,1,17,20,22,39,49,2016
48,2,17,31,40,47,49,2016
49,6,29,32,36,37,38,2016
50,18,33,35,36,37,44,2016
51,2,5,7,12,19,35,2016
52,3,8,12,19,29,48,2016
53,29,37,39,44,47,49,2016
54,9,29,33,39,40,44,2016
55,4,14,18,20,22,44,2016
56,9,15,20,28,34,42,2016
57,6,7,21,33,39,49,2016
58,24,29,31,33,43,45,2016
59,14,16,18,20,33,45,2016
60,4,16,17,19,37,44,2016
61,8,10,12,17,19,33,2016
62,12,29,43,44,45,47,2016
63,8,15,23,27,46,47,2016
64,5,11,14,19,27,28,2016
65,7,9,36,42,43,48,2016
66,4,7,11,16,19,29,2016
67,24,26,30,46,47,49,2016
68,3,14,17,20,35,41,2016
69,1,13,18,29,38,42,2016
70,12,20,29,31,39,47,2016
71,17,22,23,35,40,47,2016
72,16,17,21,24,31,33,2016
73,13,23,29,30,36,49,2016
74,3,9,24,29,31,47,2016
75,4,8,13,15,29,41,2016
76,4,28,34,46,47,48,2016
77,1,11,30,31,33,34,2016
78,8,10,12,13,17,34,2016
79,4,6,19,31,32,43,2016
80,4,6,16,23,28,38,2016
81,4,24,25,29,34,49,2016
82,1,17,22,23,33,47,2016
83,4,5,17,23,27,33,2016
84,23,25,38,41,46,49,2016
85,6,8,24,36,37,47,2016
86,4,15,19,21,22,36,2016
87,3,6,9,17,21,37,2016
88,3,6,11,16,24,26,2016
89,22,33,35,36,42,45,2016
90,6,14,20,31,32,49,2016
91,6,11,29,33,42,48,2016
92,7,17,26,32,33,47,2016
93,6,9,15,30,34,47,2016
94,4,17,28,30,46,49,2016
95,5,18,23,35,36,46,2016
96,3,4,14,27,43,46,2016
97,9,17,27,33,35,42,2016
98,12,26,29,34,35,41,2016
99,4,22,28,32,37,47,2016
100,1,14,20,29,36,45,2016
101,4,13,15,16,29,44,2016
102,5,9,10,21,34,41,2016
103,4,17,20,22,27,32,2016
104,20,22,25,29,33,44,2016
1,2,5,8,10,26,31,2015
2,4,7,15,23,33,49,2015
3,2,20,31,33,44,46,2015
4,16,24,27,42,43,44,2015
5,11,12,17,19,40,41,2015
6,5,21,33,34,36,38,2015
7,9,19,24,39,40,41,2015
8,7,9,13,20,31,45,2015
9,15,24,33,36,42,46,2015
10,10,11,33,37,41,49,2015
11,14,15,19,34,40,43,2015
12,2,8,10,23,43,45,2015
13,14,16,19,20,29,48,2015
14,5,16,19,26,32,45,2015
15,16,28,31,34,37,44,2015
16,1,3,6,14,27,34,2015
17,8,20,35,39,40,48,2015
18,2,11,33,38,44,45,2015
19,4,20,31,32,37,41,2015
20,25,26,37,38,39,40,2015
21,21,30,31,32,38,39,2015
22,1,11,18,22,30,34,2015
23,6,8,23,34,36,39,2015
24,1,2,6,9,13,27,2015
25,5,7,33,37,41,42,2015
26,5,8,22,31,37,48,2015
27,3,26,31,42,44,49,2015
28,2,3,9,28,30,36,2015
29,15,16,19,32,33,44,2015
30,1,2,8,17,30,45,2015
31,2,6,39,40,42,47,2015
32,5,26,28,29,31,32,2015
33,8,13,15,18,25,33,2015
34,6,9,13,14,22,42,2015
35,4,9,36,42,44,45,2015
36,5,10,15,26,27,33,2015
37,4,11,15,16,31,45,2015
38,6,28,32,33,35,41,2015
39,4,11,22,36,39,46,2015
40,1,4,9,26,28,32,2015
41,8,11,20,35,43,48,2015
42,10,16,23,35,38,41,2015
43,7,10,26,34,39,47,2015
44,24,35,37,38,39,45,2015
45,1,22,23,29,31,33,2015
46,8,23,30,40,41,48,2015
47,7,18,43,47,48,49,2015
48,2,4,8,9,21,27,2015
49,1,15,27,34,36,38,2015
50,14,21,33,35,43,48,2015
51,16,20,21,23,27,40,2015
52,2,16,18,32,39,48,2015
53,2,8,11,13,38,47,2015
54,29,31,32,34,41,45,2015
55,7,12,36,37,46,49,2015
56,11,15,21,42,44,47,2015
57,2,3,7,16,19,31,2015
58,7,12,20,21,24,36,2015
59,11,24,29,34,38,40,2015
60,4,5,19,20,27,29,2015
61,1,5,13,19,31,44,2015
62,3,16,31,35,36,42,2015
63,13,19,23,28,29,43,2015
64,21,22,33,34,41,45,2015
65,13,30,34,44,45,48,2015
66,12,21,32,41,43,44,2015
67,10,11,24,32,44,47,2015
68,1,7,20,25,36,45,2015
69,1,24,30,41,42,43,2015
70,6,9,12,23,29,37,2015
71,4,9,13,28,36,46,2015
72,1,4,20,23,33,47,2015
73,5,15,32,33,43,44,2015
74,12,26,35,38,43,45,2015
75,11,14,17,40,42,48,2015
76,1,8,21,34,35,37,2015
77,18,23,26,34,44,49,2015
78,1,6,14,19,39,46,2015
79,7,16,24,25,37,48,2015
80,11,12,13,14,15,27,2015
81,5,11,16,29,34,49,2015
82,3,4,20,21,22,36,2015
83,6,11,18,22,33,45,2015
84,4,7,15,28,32,43,2015
85,1,8,9,11,29,38,2015
86,1,14,18,22,30,35,2015
87,13,22,24,25,28,35,2015
88,16,18,25,31,37,48,2015
89,14,29,32,34,38,49,2015
90,2,4,7,13,25,44,2015
91,11,16,25,33,37,44,2015
92,8,15,19,26,37,45,2015
93,7,13,15,21,26,30,2015
94,10,19,28,41,47,48,2015
95,4,10,29,33,34,48,2015
96,2,21,24,25,35,40,2015
97,4,9,12,34,41,46,2015
98,4,5,15,26,28,29,2015
99,1,14,15,23,24,27,2015
100,1,17,30,36,44,48,2015
101,12,17,25,31,34,40,2015
102,3,17,18,20,31,32,2015
103,6,11,14,19,32,39,2015
104,2,19,21,38,45,46,2015
105,10,15,20,24,39,40,2015
106,3,4,8,14,27,45,2015
107,1,19,31,32,36,48,2015
108,6,10,11,16,24,32,2015
109,3,20,25,27,38,39,2015
110,4,27,39,43,47,48,2015
111,29,34,38,40,42,49,2015
112,10,15,20,27,38,45,2015
113,7,10,23,25,33,39,2015
114,5,23,33,36,37,40,2015
115,9,24,27,38,43,48,2015
116,6,14,19,33,37,46,2015
117,9,16,30,31,36,43,2015
118,7,13,17,20,23,34,2015
119,2,14,15,22,30,49,2015
120,1,6,15,16,22,46,2015
121,3,9,19,32,33,41,2015
122,3,13,15,17,33,40,2015
123,4,5,26,33,37,40,2015
124,3,4,9,15,37,40,2015
125,13,16,32,41,46,48,2015
126,4,14,21,25,41,47,2015
127,10,11,13,18,32,41,2015
128,8,9,14,24,31,34,2015
129,4,12,16,27,37,49,2015
130,27,29,34,38,43,45,2015
131,4,9,19,40,47,48,2015
132,13,14,17,29,37,42,2015
133,8,12,13,35,44,47,2015
134,10,13,28,35,41,42,2015
135,3,5,20,30,33,44,2015
136,1,27,31,35,36,37,2015
137,17,19,26,28,30,47,2015
138,11,22,31,32,40,48,2015
139,5,10,11,20,37,43,2015
140,1,6,14,34,40,49,2015
141,7,8,11,25,30,42,2015
142,9,11,17,34,35,36,2015
143,4,8,24,28,30,33,2015
1,13,18,21,30,34,37,2014
2,1,10,16,36,41,42,2014
3,3,29,32,37,45,46,2014
4,2,21,22,23,30,32,2014
5,1,4,12,13,33,37,2014
6,6,14,26,39,45,48,2014
7,11,16,22,26,41,46,2014
8,14,16,20,32,35,37,2014
9,1,11,21,36,39,42,2014
10,8,14,19,21,23,34,2014
11,17,31,33,43,46,49,2014
12,2,23,27,32,39,45,2014
13,13,19,21,23,42,45,2014
14,7,15,25,26,36,40,2014
15,1,3,29,42,45,46,2014
16,10,13,18,23,38,46,2014
17,4,8,12,20,24,31,2014
18,2,3,16,26,34,35,2014
19,9,12,19,22,25,45,2014
20,5,7,28,32,45,47,2014
21,6,7,11,18,22,32,2014
22,12,14,26,35,41,43,2014
23,5,15,20,23,25,37,2014
24,1,11,16,27,30,33,2014
25,2,5,11,25,37,38,2014
26,11,23,24,28,31,35,2014
27,4,13,17,26,29,41,2014
28,2,9,36,40,41,47,2014
29,1,2,7,13,41,45,2014
30,8,14,18,20,46,49,2014
31,2,8,18,40,45,46,2014
32,1,7,28,37,44,49,2014
33,20,22,26,40,47,49,2014
34,7,17,23,26,34,42,2014
35,4,15,18,29,32,48,2014
36,7,9,19,30,39,43,2014
37,10,18,21,25,30,38,2014
38,8,26,29,43,47,48,2014
39,5,15,17,26,29,45,2014
40,4,15,22,35,42,44,2014
41,5,10,22,38,41,48,2014
42,2,5,7,11,26,31,2014
43,1,15,19,33,37,45,2014
44,3,6,11,15,35,46,2014
45,6,11,14,32,36,40,2014
46,15,18,28,39,46,47,2014
47,9,17,27,42,47,49,2014
48,10,22,27,40,43,49,2014
49,13,15,17,21,38,48,2014
50,6,10,15,29,32,45,2014
51,6,16,21,24,34,35,2014
52,7,11,24,25,43,46,2014
53,2,4,7,9,37,38,2014
54,5,6,15,26,38,42,2014
55,10,11,17,24,26,38,2014
56,1,8,13,31,39,43,2014
57,1,2,6,11,40,48,2014
58,5,6,11,13,23,35,2014
59,1,9,26,31,33,42,2014
60,2,12,14,18,22,35,2014
61,2,20,38,40,48,49,2014
62,11,12,15,16,18,42,2014
63,9,13,18,23,35,44,2014
64,13,15,19,36,39,49,2014
65,12,13,22,24,29,42,2014
66,7,8,12,17,37,42,2014
67,7,11,23,29,44,45,2014
68,10,30,41,42,43,49,2014
69,2,18,36,38,41,46,2014
70,12,13,20,39,41,42,2014
71,7,19,39,44,45,47,2014
72,10,36,43,45,46,48,2014
73,19,33,37,38,41,43,2014
74,16,22,26,28,39,40,2014
75,8,11,17,42,43,47,2014
76,4,24,37,38,43,47,2014
77,3,10,17,19,39,46,2014
78,11,13,34,40,43,46,2014
79,3,12,13,32,34,39,2014
80,2,11,30,34,38,42,2014
81,8,9,15,17,26,43,2014
82,5,22,23,26,36,42,2014
83,15,19,30,36,44,49,2014
84,2,8,20,28,41,43,2014
85,6,21,22,30,35,37,2014
86,12,14,20,28,29,38,2014
87,1,19,29,38,46,48,2014
88,2,9,26,30,31,36,2014
89,10,26,27,33,37,44,2014
90,11,14,17,18,27,45,2014
91,8,12,14,18,19,22,2014
92,4,12,16,30,38,46,2014
93,2,7,26,34,47,48,2014
94,9,12,27,40,42,47,2014
95,9,12,14,30,48,49,2014
96,3,7,10,34,38,40,2014
97,9,10,21,28,38,40,2014
98,4,17,21,22,23,31,2014
99,7,24,25,26,43,45,2014
100,20,24,26,43,47,48,2014
101,10,11,13,20,28,48,2014
102,13,30,35,43,47,49,2014
103,4,14,20,35,36,48,2014
104,8,13,24,37,43,45,2014
105,2,19,22,30,40,42,2014
106,11,13,17,23,42,47,2014
107,2,21,22,25,33,43,2014
108,5,7,13,28,29,41,2014
109,10,17,33,38,41,44,2014
110,5,7,12,17,36,37,2014
111,1,5,6,28,29,43,2014
112,7,12,19,26,32,35,2014
113,2,4,10,13,16,24,2014
114,15,18,23,26,32,46,2014
115,1,17,36,38,45,46,2014
116,2,33,39,40,44,46,2014
117,6,7,30,34,44,49,2014
118,14,21,29,30,41,49,2014
119,5,9,27,31,37,46,2014
120,3,20,34,38,40,45,2014
121,12,17,24,30,37,46,2014
122,6,8,11,14,22,35,2014
123,1,9,15,25,38,39,2014
124,10,15,18,26,28,48,2014
125,11,29,31,32,39,43,2014
126,7,9,12,13,15,46,2014
127,2,20,23,30,33,43,2014
128,15,17,19,45,47,49,2014
129,13,18,29,34,42,46,2014
130,6,26,37,38,43,44,2014
131,6,8,20,30,45,49,2014
132,1,2,6,21,23,30,2014
133,17,25,42,46,47,48,2014
134,2,9,11,21,23,44,2014
135,5,6,7,9,15,18,2014
136,9,10,20,30,46,47,2014
137,15,26,30,40,42,44,2014
138,23,29,31,35,41,48,2014
139,2,6,7,19,29,47,2014
140,5,12,21,23,27,46,2014
141,5,25,36,37,38,49,2014
142,5,15,20,28,43,47,2014
143,21,22,29,32,35,44,2014
144,11,15,27,30,41,43,2014
145,8,18,23,29,36,45,2014
146,2,14,24,33,34,41,2014
147,5,10,20,31,35,46,2014
148,2,15,32,33,47,48,2014
149,5,13,14,25,40,41,2014
150,13,23,27,34,38,42,2014
151,6,7,10,14,21,33,2014
152,5,16,27,34,37,49,2014
153,10,16,21,44,46,47,2014
154,3,10,28,29,37,44,2014
155,5,16,25,27,28,36,2014
156,12,16,17,24,30,41,2014
157,6,10,12,25,35,43,2014
158,10,27,31,36,39,49,2014
159,2,5,6,27,34,45,2014
160,1,5,15,32,34,37,2014
161,2,12,36,41,42,49,2014
162,8,11,18,34,41,48,2014
163,8,19,21,34,36,48,2014
164,4,24,30,33,35,46,2014
165,11,16,23,29,30,48,2014
166,5,14,21,30,32,34,2014
167,24,25,32,33,35,49,2014
168,10,25,29,32,39,46,2014
169,6,7,10,13,22,26,2014
170,13,26,29,41,48,49,2014
171,9,16,21,31,33,37,2014
172,6,21,22,23,37,48,2014
173,11,23,38,42,44,45,2014
174,18,22,36,44,48,49,2014
175,2,14,15,18,36,49,2014
176,15,17,23,25,29,34,2014
177,4,7,19,29,31,43,2014
178,4,7,8,21,29,31,2014
179,4,7,8,12,27,38,2014
180,19,22,23,29,36,40,2014
181,6,18,20,21,25,33,2014
182,8,15,29,33,37,39,2014
183,11,20,30,34,41,48,2014
184,8,23,29,32,39,47,2014
185,12,14,35,40,46,47,2014
186,2,4,15,16,19,32,2014
187,4,16,29,41,42,44,2014
188,29,32,39,41,46,47,2014
189,6,10,19,27,35,40,2014
190,5,9,20,25,34,40,2014
191,14,33,36,37,48,49,2014
192,15,25,31,45,48,49,2014
193,23,31,36,40,42,46,2014
194,10,14,31,34,42,46,2014
195,25,27,31,32,41,43,2014
196,9,16,36,37,38,48,2014
197,15,19,33,37,40,46,2014
198,3,4,11,30,45,49,2014
199,1,16,20,23,31,46,2014
200,7,16,29,30,35,48,2014
201,5,15,26,35,40,48,2014
202,14,16,24,27,42,46,2014
203,6,8,11,12,19,30,2014
204,2,10,16,30,35,40,2014
205,3,10,12,29,30,32,2014
206,6,26,29,31,39,49,2014
207,6,10,12,31,48,49,2014
208,7,20,22,23,29,35,2014
0,2,9,19,20,23,30,2013
1,4,8,14,15,19,28,2013
2,9,12,22,30,37,47,2013
3,26,29,31,32,34,36,2013
4,1,8,16,25,41,45,2013
5,6,18,20,27,31,47,2013
6,14,27,34,36,38,40,2013
7,8,15,16,41,42,47,2013
8,12,33,41,43,47,48,2013
9,10,13,31,33,43,46,2013
10,4,19,21,33,40,46,2013
11,8,13,15,24,35,41,2013
12,10,13,27,36,38,45,2013
13,2,7,14,27,42,49,2013
14,8,11,15,33,37,48,2013
15,3,14,20,26,30,37,2013
16,3,15,16,25,26,35,2013
17,2,6,16,21,38,45,2013
18,9,13,14,29,31,46,2013
19,15,18,26,30,33,38,2013
20,8,12,17,29,41,45,2013
21,1,13,14,15,30,36,2013
22,6,9,11,13,15,45,2013
23,12,16,18,27,39,41,2013
24,7,13,14,20,32,36,2013
25,2,6,15,25,26,49,2013
26,10,12,14,18,36,42,2013
27,1,5,10,30,33,39,2013
28,17,28,29,30,38,42,2013
29,14,26,27,30,34,39,2013
30,15,19,22,31,34,41,2013
31,7,10,24,33,34,46,2013
32,6,16,31,32,37,44,2013
33,17,30,33,42,44,49,2013
34,14,24,28,33,44,49,2013
35,1,8,24,38,39,40,2013
36,7,9,16,33,37,47,2013
37,3,23,29,36,45,46,2013
38,8,11,13,26,35,42,2013
39,10,13,23,37,38,41,2013
40,4,19,27,32,36,43,2013
41,4,9,23,40,41,44,2013
42,1,3,6,7,11,14,2013
43,1,4,11,15,24,36,2013
44,5,9,11,13,16,48,2013
45,17,23,33,37,42,44,2013
46,2,9,10,28,45,46,2013
47,6,15,22,28,30,46,2013
48,5,6,23,37,46,48,2013
49,8,15,21,33,35,46,2013
50,2,4,18,24,34,49,2013
51,3,9,13,21,26,27,2013
52,13,16,29,39,47,48,2013
53,13,15,16,20,26,31,2013
54,1,14,16,43,48,49,2013
55,9,23,27,40,41,44,2013
56,10,24,28,41,44,49,2013
57,11,15,26,37,39,41,2013
58,8,21,23,36,42,43,2013
59,1,13,20,38,43,45,2013
60,24,29,31,35,37,38,2013
61,10,18,21,24,39,41,2013
62,29,32,37,41,43,47,2013
63,10,13,29,36,41,48,2013
64,10,14,27,32,34,46,2013
65,2,15,17,28,36,44,2013
66,20,23,34,35,39,45,2013
67,1,7,26,29,30,36,2013
68,2,3,11,12,31,33,2013
69,9,11,23,36,42,47,2013
70,10,13,19,23,41,48,2013
71,3,7,8,10,16,26,2013
72,6,12,17,19,23,24,2013
73,4,8,15,26,27,38,2013
74,17,18,19,22,29,36,2013
75,3,4,27,28,37,41,2013
76,1,3,19,23,30,37,2013
77,3,18,24,31,38,40,2013
78,23,28,29,32,40,45,2013
79,4,10,31,36,45,46,2013
80,6,10,25,26,37,39,2013
81,9,10,21,28,30,46,2013
82,6,21,28,29,35,36,2013
83,2,7,28,31,36,45,2013
84,3,9,19,23,31,43,2013
85,22,25,32,42,46,47,2013
86,10,19,22,27,30,34,2013
87,2,3,7,24,29,40,2013
88,1,10,19,25,28,39,2013
89,16,38,43,45,47,48,2013
90,9,13,21,24,27,37,2013
91,4,19,20,26,27,40,2013
92,15,19,21,24,31,37,2013
93,6,7,9,14,36,49,2013
94,3,8,26,30,33,44,2013
95,5,6,12,20,21,25,2013
96,10,13,21,43,45,46,2013
97,1,2,16,22,41,45,2013
98,2,13,14,28,31,33,2013
99,4,6,27,40,45,48,2013
100,11,18,20,21,23,26,2013
101,1,7,9,22,24,27,2013
102,4,11,13,22,26,39,2013
103,6,14,15,25,32,47,2013
104,12,17,21,27,40,41,2013
105,5,16,39,40,44,48,2013
106,20,22,32,36,44,46,2013
107,8,20,21,41,42,46,2013
108,3,9,10,36,43,49,2013
109,3,10,11,14,32,33,2013
110,4,12,19,23,26,30,2013
111,1,7,9,18,30,46,2013
112,3,8,15,30,31,38,2013
113,4,5,23,30,35,43,2013
114,6,24,25,35,41,42,2013
115,7,20,21,26,33,34,2013
116,2,11,17,27,32,33,2013
117,6,12,23,35,42,48,2013
118,11,18,21,22,30,46,2013
119,12,15,23,26,33,46,2013
120,13,20,23,26,46,48,2013
121,7,26,34,35,44,48,2013
122,1,7,18,31,48,49,2013
123,1,2,9,30,39,47,2013
124,12,15,18,33,44,46,2013
125,9,12,16,38,43,46,2013
126,1,6,16,23,28,37,2013
127,10,32,36,37,38,48,2013
128,16,25,28,29,35,41,2013
129,3,7,9,20,27,37,2013
130,23,26,28,41,44,46,2013
131,5,9,17,25,26,37,2013
132,3,5,7,16,22,45,2013
133,14,16,17,30,36,44,2013
134,9,16,23,25,38,42,2013
135,14,17,20,30,39,41,2013
136,18,25,27,37,47,49,2013
137,23,27,32,36,41,44,2013
138,11,13,27,29,39,47,2013
139,3,6,29,38,44,49,2013
140,4,15,26,30,31,48,2013
141,7,9,12,22,25,34,2013
142,11,22,26,31,39,43,2013
143,5,12,24,28,29,35,2013
144,8,23,26,31,37,41,2013
145,2,21,27,33,45,46,2013
146,2,4,9,13,15,40,2013
147,1,4,6,22,25,35,2013
148,4,11,24,28,29,46,2013
149,6,9,10,14,22,34,2013
150,13,18,20,24,40,41,2013
151,15,24,27,30,46,49,2013
152,28,34,36,38,45,48,2013
153,12,14,19,24,38,49,2013
154,6,13,14,15,43,47,2013
155,6,7,10,12,33,36,2013
156,1,10,26,38,43,48,2013
157,4,7,10,15,31,40,2013
158,4,14,22,24,37,44,2013
159,1,7,17,24,44,49,2013
160,18,19,27,41,42,49,2013
161,5,6,16,28,34,47,2013
162,1,2,9,21,32,45,2013
163,8,9,10,18,19,47,2013
164,10,36,38,39,42,43,2013
165,9,27,29,40,41,42,2013
166,1,17,24,35,41,43,2013
167,3,15,30,39,42,43,2013
168,10,16,25,40,41,46,2013
169,11,14,15,23,34,45,2013
170,13,16,26,28,45,47,2013
171,4,10,11,12,18,19,2013
172,1,6,9,13,24,48,2013
173,6,7,18,21,23,49,2013
174,21,24,26,32,36,48,2013
175,10,20,29,35,37,43,2013
176,9,10,17,20,26,47,2013
177,12,16,23,35,37,40,2013
178,9,17,21,41,43,46,2013
179,2,7,15,17,39,48,2013
180,1,11,21,27,35,47,2013
181,15,18,34,42,43,48,2013
182,2,9,16,39,40,42,2013
183,6,8,27,38,39,40,2013
184,1,23,29,33,40,42,2013
185,1,16,18,30,39,41,2013
186,35,36,37,40,43,48,2013
187,8,12,14,18,30,47,2013
188,6,15,19,27,39,44,2013
189,7,11,18,23,39,48,2013
190,11,17,21,33,43,49,2013
191,16,18,27,35,36,41,2013
192,7,14,31,33,46,47,2013
193,2,3,12,19,27,29,2013
194,3,6,8,23,34,46,2013
195,2,11,19,23,36,48,2013
196,3,8,18,23,30,49,2013
197,8,14,19,21,42,48,2013
198,16,20,21,28,36,37,2013
199,3,14,26,32,34,42,2013
200,9,12,29,31,40,43,2013
201,1,21,31,32,40,46,2013
202,8,20,21,22,32,34,2013
203,3,12,16,28,32,34,2013
204,20,26,34,40,47,49,2013
205,16,19,29,30,34,43,2013
206,1,7,9,16,30,43,2013
207,2,8,16,28,44,48,2013
208,4,9,19,20,33,40,2013
209,1,9,10,19,39,41,2013
1,3,10,23,25,28,31,2012
2,7,8,18,38,41,42,2012
3,1,7,23,28,41,45,2012
4,2,10,14,22,23,45,2012
5,4,9,21,27,38,46,2012
6,6,17,18,20,38,48,2012
7,2,9,24,29,45,47,2012
8,11,14,25,30,33,45,2012
9,1,2,20,30,32,35,2012
10,2,4,10,29,34,47,2012
11,9,15,19,22,27,28,2012
12,15,24,28,31,32,40,2012
13,8,12,14,26,27,34,2012
14,15,21,22,38,40,47,2012
15,3,20,33,43,45,47,2012
16,6,11,17,18,37,49,2012
17,2,3,20,22,25,47,2012
18,2,3,7,8,19,21,2012
19,6,10,13,25,32,38,2012
20,2,4,24,29,35,45,2012
21,2,25,35,39,40,47,2012
22,15,20,24,27,28,42,2012
23,14,22,24,26,29,35,2012
24,5,16,18,30,43,46,2012
25,6,14,21,23,29,47,2012
26,14,24,26,31,46,48,2012
27,2,3,9,19,29,32,2012
28,4,20,35,36,37,39,2012
29,8,14,18,22,28,44,2012
30,1,10,24,35,37,38,2012
31,2,11,14,18,22,25,2012
32,10,11,21,28,38,40,2012
33,5,10,21,31,35,42,2012
34,6,15,22,29,30,42,2012
35,11,36,38,40,47,48,2012
36,1,12,19,20,35,38,2012
37,7,8,10,11,23,35,2012
38,4,10,15,25,33,45,2012
39,2,3,12,15,31,48,2012
40,14,18,27,29,31,39,2012
41,21,23,29,30,43,44,2012
42,11,15,27,30,31,43,2012
43,1,4,5,7,16,35,2012
44,9,19,21,33,43,47,2012
45,16,18,34,39,40,41,2012
46,5,11,12,18,40,47,2012
47,7,10,23,37,40,43,2012
48,1,16,21,22,43,49,2012
49,5,7,22,24,30,34,2012
50,2,5,21,22,33,46,2012
51,1,6,10,30,31,32,2012
52,11,13,19,34,36,40,2012
53,4,29,38,45,47,48,2012
54,18,21,23,24,38,48,2012
55,6,10,19,29,34,36,2012
56,10,15,17,20,40,43,2012
57,13,17,18,21,47,49,2012
58,5,11,21,32,38,48,2012
59,1,3,5,8,42,43,2012
60,2,25,27,34,35,44,2012
61,4,5,7,34,40,42,2012
62,10,17,21,23,25,47,2012
63,14,17,20,34,35,46,2012
64,2,3,14,19,27,28,2012
65,1,5,31,33,34,41,2012
66,16,20,25,28,40,49,2012
67,11,23,34,35,41,47,2012
68,14,15,36,47,48,49,2012
69,6,16,19,26,29,45,2012
70,1,8,26,27,30,44,2012
71,11,19,21,36,41,42,2012
72,3,9,11,24,30,37,2012
73,5,18,32,35,43,49,2012
74,10,12,31,41,42,43,2012
75,12,14,17,20,33,44,2012
76,3,12,18,21,31,49,2012
77,11,19,32,36,38,44,2012
78,1,8,9,28,33,36,2012
79,4,6,8,11,16,29,2012
80,13,16,19,23,24,41,2012
81,1,25,26,31,33,46,2012
82,22,24,31,38,41,44,2012
83,1,19,23,27,29,41,2012
84,2,5,18,25,33,43,2012
85,14,25,26,32,37,47,2012
86,6,21,33,36,44,45,2012
87,4,9,38,43,45,46,2012
88,7,19,21,27,28,47,2012
89,5,7,10,21,30,43,2012
90,5,25,27,37,46,48,2012
91,17,25,31,33,38,44,2012
92,2,9,20,21,30,38,2012
93,17,20,27,29,32,33,2012
94,15,16,21,30,46,49,2012
95,15,17,18,22,41,43,2012
96,12,26,29,30,36,38,2012
97,7,8,14,23,40,48,2012
98,7,9,30,33,42,43,2012
99,7,8,13,17,32,37,2012
100,3,6,8,9,12,44,2012
101,2,15,35,41,42,46,2012
102,5,13,17,28,35,49,2012
103,23,24,30,42,47,48,2012
104,2,5,13,26,41,44,2012
105,6,7,16,20,46,49,2012
106,6,13,24,25,26,33,2012
107,5,13,16,18,20,31,2012
108,4,28,32,39,40,48,2012
109,13,20,22,23,27,29,2012
110,5,9,17,19,26,39,2012
111,6,13,16,23,39,45,2012
112,11,17,18,21,24,31,2012
113,1,9,15,22,23,33,2012
114,4,14,22,28,32,37,2012
115,10,35,37,39,43,49,2012
116,1,7,13,24,25,49,2012
117,3,19,20,33,34,40,2012
118,8,14,16,28,31,48,2012
119,21,29,31,34,45,48,2012
120,13,23,28,34,35,36,2012
121,11,15,22,26,41,48,2012
122,3,4,12,15,30,38,2012
123,2,24,25,31,33,40,2012
124,9,11,14,15,28,41,2012
125,10,15,16,27,41,47,2012
126,5,10,19,25,32,37,2012
127,4,6,21,27,34,49,2012
128,7,21,22,26,37,48,2012
129,4,8,15,24,36,39,2012
130,3,10,11,15,28,42,2012
131,3,5,15,18,21,22,2012
132,9,17,19,21,38,44,2012
133,2,3,24,31,40,46,2012
134,15,16,17,23,29,30,2012
135,3,11,26,28,40,44,2012
136,9,12,13,23,27,33,2012
137,11,15,23,27,33,43,2012
138,5,21,36,42,44,47,2012
139,6,7,20,28,40,49,2012
140,7,9,21,33,38,39,2012
141,15,17,20,22,28,29,2012
142,2,6,18,27,31,39,2012
143,3,20,30,32,37,48,2012
144,4,15,17,23,28,48,2012
145,1,10,11,39,46,47,2012
146,3,6,12,29,48,49,2012
147,8,36,38,41,43,46,2012
148,1,4,17,29,30,39,2012
149,14,25,29,31,38,39,2012
150,2,7,8,13,31,44,2012
151,1,7,21,23,35,47,2012
152,7,17,19,36,40,41,2012
153,3,4,21,27,28,34,2012
154,18,26,28,30,31,47,2012
155,1,24,25,31,44,49,2012
156,9,18,19,25,26,41,2012
157,6,22,23,30,38,49,2012
158,4,11,19,22,24,32,2012
159,1,3,9,13,19,21,2012
160,5,13,27,39,42,47,2012
161,4,8,12,17,32,45,2012
162,4,11,17,20,36,48,2012
163,6,32,38,42,45,47,2012
164,9,11,18,21,22,41,2012
165,3,10,18,32,35,38,2012
166,1,5,11,14,33,40,2012
167,11,19,23,27,30,47,2012
168,7,19,20,25,28,42,2012
169,14,16,27,29,44,46,2012
170,4,8,9,19,39,42,2012
171,6,12,13,17,19,44,2012
172,18,25,30,37,41,49,2012
173,4,19,20,28,40,49,2012
174,5,7,11,19,42,46,2012
175,19,25,28,29,34,44,2012
176,2,12,14,23,24,48,2012
177,11,26,32,33,39,47,2012
178,7,21,24,29,34,49,2012
179,11,13,16,21,22,37,2012
180,3,18,31,41,43,48,2012
181,16,20,23,29,42,46,2012
182,3,6,10,15,31,43,2012
183,8,12,22,38,44,48,2012
184,3,5,18,27,32,46,2012
185,1,3,4,8,32,35,2012
186,12,24,25,41,45,49,2012
187,9,24,26,32,42,47,2012
188,13,16,30,31,37,38,2012
189,4,9,14,16,23,48,2012
190,9,11,15,17,20,48,2012
191,6,25,39,40,46,49,2012
192,21,23,30,34,36,46,2012
193,7,24,32,39,43,47,2012
194,3,10,26,31,37,38,2012
195,18,19,22,30,32,34,2012
196,1,2,5,9,21,42,2012
197,11,28,32,36,44,46,2012
198,1,7,19,24,36,38,2012
199,13,15,18,22,28,47,2012
200,5,19,22,26,30,49,2012
201,12,20,42,43,48,49,2012
202,3,9,15,19,23,34,2012
203,1,11,17,29,35,43,2012
204,1,6,9,22,24,29,2012
205,15,23,30,32,37,38,2012
206,18,21,27,30,36,44,2012
207,2,6,29,40,44,48,2012
208,7,12,14,24,28,33,2012
1,6,20,25,30,31,45,2011
2,11,12,15,20,32,39,2011
3,3,4,25,26,34,45,2011
4,13,32,34,38,44,48,2011
5,2,8,21,38,42,44,2011
6,6,13,14,16,32,39,2011
7,13,19,29,34,35,41,2011
8,14,23,30,33,40,44,2011
9,12,16,18,37,43,47,2011
10,5,10,13,16,33,43,2011
11,6,10,17,22,33,48,2011
12,7,10,21,34,37,38,2011
13,6,8,22,29,35,41,2011
14,9,21,29,34,36,40,2011
15,1,2,5,27,38,48,2011
16,5,12,22,31,35,39,2011
17,1,5,13,28,36,44,2011
18,7,11,15,21,23,26,2011
19,14,24,35,37,41,46,2011
20,6,29,33,34,36,37,2011
21,6,12,18,21,22,43,2011
22,1,27,29,35,39,43,2011
23,5,6,7,13,48,49,2011
24,4,5,11,14,39,42,2011
25,3,9,25,29,36,38,2011
26,3,6,13,35,42,43,2011
27,6,7,11,14,22,45,2011
28,11,26,30,33,44,49,2011
29,2,4,7,34,44,48,2011
30,1,5,13,18,31,40,2011
31,4,7,13,15,35,44,2011
32,5,6,17,22,27,40,2011
33,2,14,16,27,35,44,2011
34,12,21,26,35,40,46,2011
35,4,13,19,30,33,44,2011
36,1,4,16,20,24,41,2011
37,17,22,31,34,42,47,2011
38,5,7,9,11,30,33,2011
39,2,12,14,38,44,49,2011
40,8,9,37,40,44,48,2011
41,9,12,18,39,40,43,2011
42,2,12,14,30,34,42,2011
43,12,27,30,39,41,49,2011
44,3,4,8,9,24,33,2011
45,9,19,21,31,38,45,2011
46,2,5,7,9,27,34,2011
47,6,7,14,22,36,42,2011
48,7,8,16,22,30,49,2011
49,2,24,25,27,41,49,2011
50,2,12,17,25,38,48,2011
51,1,18,19,23,31,43,2011
52,3,12,13,27,38,43,2011
53,8,16,26,31,34,38,2011
54,7,13,15,24,38,40,2011
55,8,9,16,28,31,32,2011
56,8,15,16,39,45,48,2011
57,12,22,25,26,35,37,2011
58,11,19,20,32,38,48,2011
59,15,17,24,27,41,46,2011
60,1,16,17,21,25,34,2011
61,21,23,24,34,45,48,2011
62,2,4,5,11,14,29,2011
63,10,19,38,43,44,45,2011
64,14,31,32,33,44,48,2011
65,11,21,22,32,33,40,2011
66,3,13,17,40,42,48,2011
67,7,9,17,37,44,48,2011
68,3,14,20,32,44,47,2011
69,4,17,24,27,28,46,2011
70,15,23,29,36,40,48,2011
71,14,20,35,36,44,46,2011
72,6,9,16,18,19,40,2011
73,2,6,13,16,24,28,2011
74,3,12,22,26,32,38,2011
75,4,5,22,36,41,49,2011
76,4,6,8,19,23,48,2011
77,3,10,13,18,40,45,2011
78,3,10,14,15,23,48,2011
79,1,2,3,13,34,40,2011
80,2,8,40,41,45,46,2011
81,3,6,13,29,39,48,2011
82,2,5,9,11,14,38,2011
83,1,12,27,40,41,49,2011
84,1,9,14,17,18,42,2011
85,7,21,23,26,44,49,2011
86,1,16,35,37,44,46,2011
87,5,8,15,25,34,47,2011
88,9,10,13,14,47,49,2011
89,2,3,30,33,35,47,2011
90,10,16,18,28,29,30,2011
91,1,6,21,34,37,39,2011
92,2,16,18,29,42,43,2011
93,3,15,17,21,32,46,2011
94,9,18,19,26,44,49,2011
95,5,15,30,35,36,41,2011
96,2,10,32,37,43,48,2011
97,14,38,40,43,44,47,2011
98,10,19,23,26,32,41,2011
99,15,23,27,33,34,39,2011
100,8,17,18,19,35,38,2011
101,2,7,11,39,43,46,2011
102,1,18,28,42,47,48,2011
103,3,5,7,10,12,36,2011
104,1,15,17,18,27,31,2011
105,3,9,20,23,43,49,2011
106,12,25,35,44,45,46,2011
107,8,16,27,29,43,46,2011
108,2,26,28,29,31,33,2011
109,2,6,10,23,38,39,2011
110,12,18,19,23,29,37,2011
111,9,24,29,37,46,49,2011
112,3,29,31,34,45,49,2011
113,3,16,24,29,33,36,2011
114,1,2,8,16,21,33,2011
115,2,6,9,19,35,43,2011
116,25,26,27,32,37,43,2011
117,3,5,24,26,29,30,2011
118,3,4,23,25,37,43,2011
119,3,12,16,25,26,39,2011
120,8,22,26,30,36,48,2011
121,6,7,13,29,42,44,2011
122,1,12,13,17,32,39,2011
123,8,11,15,16,30,33,2011
124,4,6,12,25,30,38,2011
125,13,20,24,36,40,45,2011
126,7,14,20,24,26,34,2011
127,4,12,20,22,24,49,2011
128,5,9,16,35,45,48,2011
129,2,3,8,33,47,48,2011
130,5,19,21,27,41,47,2011
131,1,5,16,24,35,46,2011
132,13,24,30,31,45,49,2011
133,6,9,12,38,44,48,2011
134,9,12,19,22,25,26,2011
135,5,12,20,29,42,49,2011
136,1,4,16,33,36,45,2011
137,5,7,24,25,27,36,2011
138,1,5,7,18,27,40,2011
139,11,35,41,43,46,49,2011
140,9,18,29,34,38,43,2011
141,10,15,29,37,46,48,2011
142,7,12,26,33,39,49,2011
143,24,35,38,39,41,43,2011
144,5,7,15,22,24,33,2011
145,4,6,14,31,41,42,2011
146,4,9,18,33,41,47,2011
147,16,17,21,24,28,40,2011
148,4,12,15,27,35,46,2011
149,9,10,27,29,37,43,2011
150,17,21,28,30,31,49,2011
151,6,9,17,23,34,35,2011
152,19,21,26,40,45,46,2011
153,2,4,6,16,17,40,2011
154,1,6,8,20,32,36,2011
155,17,24,25,33,34,46,2011
156,1,10,14,28,32,35,2011
157,4,5,6,13,25,45,2011
158,1,3,24,26,28,29,2011
159,2,9,12,18,37,39,2011
160,1,2,3,14,35,39,2011
161,21,23,32,34,37,41,2011
162,5,15,16,26,31,42,2011
163,6,13,20,33,41,42,2011
164,3,9,14,19,28,42,2011
165,4,11,13,17,33,35,2011
166,21,31,33,43,48,49,2011
167,12,15,17,34,43,48,2011
168,15,22,31,32,38,46,2011
169,6,17,30,35,37,48,2011
170,3,4,12,14,29,47,2011
171,1,3,16,23,28,44,2011
172,4,20,24,26,30,43,2011
173,5,11,24,27,31,49,2011
174,5,25,29,35,46,48,2011
175,2,21,31,40,41,46,2011
176,18,31,32,38,40,44,2011
177,5,15,37,43,45,48,2011
178,15,23,27,38,40,49,2011
179,18,19,22,42,43,48,2011
180,2,4,21,34,42,46,2011
181,11,24,25,29,46,48,2011
182,4,21,32,33,35,36,2011
183,15,16,25,34,36,45,2011
184,8,15,16,24,25,48,2011
185,3,12,17,30,33,45,2011
186,6,12,20,22,27,33,2011
187,2,8,26,27,37,46,2011
188,12,17,20,34,40,44,2011
189,2,3,11,32,45,46,2011
190,6,11,29,32,36,41,2011
191,1,5,16,34,37,49,2011
192,7,17,28,29,34,49,2011
193,13,18,29,30,32,43,2011
194,4,12,21,31,47,49,2011
195,2,8,14,20,22,36,2011
196,9,17,19,35,36,40,2011
197,11,14,19,30,32,48,2011
198,4,10,25,36,41,43,2011
199,5,13,20,25,26,35,2011
200,14,18,26,30,39,45,2011
201,9,13,21,29,32,46,2011
202,20,21,32,33,36,44,2011
203,5,6,22,23,42,49,2011
204,1,6,9,20,37,45,2011
205,9,10,20,32,41,44,2011
206,19,33,39,40,44,47,2011
207,11,13,23,28,42,48,2011
208,6,12,20,26,31,44,2011
1,9,23,29,35,42,48,2010
2,17,19,28,44,47,49,2010
3,1,4,15,20,27,46,2010
4,4,21,25,30,39,45,2010
5,1,13,32,41,46,48,2010
6,7,12,21,29,45,49,2010
7,7,9,20,24,28,46,2010
8,21,24,25,27,42,46,2010
9,1,3,5,15,25,34,2010
10,5,34,37,40,41,46,2010
11,1,19,20,25,30,42,2010
12,2,14,25,43,44,49,2010
13,4,5,18,23,27,31,2010
14,1,5,22,23,38,43,2010
15,3,14,31,34,40,46,2010
16,1,11,16,21,23,44,2010
17,4,11,16,27,29,48,2010
18,8,13,22,25,27,37,2010
19,1,11,20,22,27,40,2010
20,4,15,34,37,39,41,2010
21,4,8,12,24,43,47,2010
22,8,10,29,40,43,44,2010
23,2,14,19,21,41,43,2010
24,1,15,17,25,34,39,2010
25,2,21,31,33,39,46,2010
26,5,10,17,27,37,47,2010
27,18,23,25,35,39,48,2010
28,6,21,32,36,43,47,2010
29,9,24,28,34,37,43,2010
30,1,4,8,20,38,42,2010
31,19,29,33,34,40,44,2010
32,6,10,23,26,43,45,2010
33,4,6,16,19,30,31,2010
34,5,14,25,28,30,48,2010
35,7,13,20,27,30,40,2010
36,16,21,35,36,37,41,2010
37,8,11,21,28,42,49,2010
38,6,9,19,33,37,44,2010
39,3,5,9,26,28,30,2010
40,3,4,6,17,37,44,2010
41,7,17,19,23,33,34,2010
42,12,25,28,32,35,47,2010
43,11,26,32,33,36,37,2010
44,3,8,21,24,36,48,2010
45,3,12,14,32,34,36,2010
46,14,22,26,29,43,47,2010
47,1,10,30,32,45,47,2010
48,13,19,32,41,44,46,2010
49,6,8,17,18,22,26,2010
50,3,15,23,38,41,49,2010
51,2,3,5,12,14,17,2010
52,14,19,29,31,40,41,2010
53,2,12,13,19,37,45,2010
54,19,30,32,35,44,47,2010
55,5,11,13,31,33,44,2010
56,5,24,33,42,45,49,2010
57,1,25,30,35,36,44,2010
58,6,8,10,19,30,33,2010
59,15,22,27,32,37,45,2010
60,22,33,37,39,47,48,2010
61,3,4,7,12,20,38,2010
62,13,20,26,27,29,35,2010
63,8,19,30,31,35,44,2010
64,8,13,14,18,25,34,2010
65,13,18,29,33,37,45,2010
66,3,5,11,25,34,41,2010
67,2,7,10,16,37,47,2010
68,3,4,33,34,35,41,2010
69,6,18,33,34,40,49,2010
70,2,10,19,21,39,42,2010
71,2,4,11,20,36,46,2010
72,4,6,12,22,33,49,2010
73,36,38,39,40,46,48,2010
74,3,8,10,11,13,16,2010
75,3,12,16,18,26,33,2010
76,1,8,9,15,16,24,2010
77,7,9,11,21,38,48,2010
78,3,6,15,25,39,40,2010
79,10,23,25,28,33,47,2010
80,4,22,24,29,35,40,2010
81,1,10,13,15,19,49,2010
82,12,14,19,30,39,42,2010
83,7,14,24,37,44,47,2010
84,2,9,10,15,33,49,2010
85,8,19,37,39,41,49,2010
86,13,21,26,32,36,47,2010
87,2,3,6,25,30,33,2010
88,6,16,22,30,35,36,2010
89,5,8,22,23,28,35,2010
90,3,7,22,29,38,39,2010
91,10,15,18,35,37,41,2010
92,15,21,26,37,40,48,2010
93,5,8,23,26,30,33,2010
94,21,30,39,42,44,47,2010
95,7,10,20,33,39,48,2010
96,15,18,19,21,27,30,2010
97,5,12,26,27,37,45,2010
98,2,4,12,20,23,48,2010
99,5,21,22,24,33,38,2010
100,6,12,22,29,30,37,2010
101,4,13,27,29,38,47,2010
102,4,9,23,25,45,47,2010
103,9,17,27,34,35,41,2010
104,4,8,17,20,31,34,2010
105,8,18,26,29,31,37,2010
106,2,10,12,18,26,28,2010
107,15,17,20,26,29,34,2010
108,8,10,26,33,44,46,2010
109,1,4,5,9,35,38,2010
110,2,3,11,24,35,45,2010
111,2,5,10,20,46,47,2010
112,20,35,37,39,47,48,2010
113,2,3,10,17,26,40,2010
114,8,16,18,30,39,43,2010
115,1,20,21,34,36,48,2010
116,19,25,34,36,38,43,2010
117,6,14,17,21,48,49,2010
118,7,29,34,40,42,46,2010
119,10,21,37,41,45,49,2010
120,1,18,29,37,42,45,2010
121,6,7,9,21,25,46,2010
122,4,16,23,27,37,38,2010
123,10,21,22,25,26,36,2010
124,18,37,40,44,47,49,2010
125,17,18,24,27,30,34,2010
126,1,9,14,21,26,36,2010
127,4,5,15,30,33,38,2010
128,10,20,22,26,27,41,2010
129,1,8,13,23,27,40,2010
130,2,7,10,17,35,45,2010
131,6,8,22,24,33,47,2010
132,10,11,13,15,23,34,2010
133,9,10,26,28,43,44,2010
134,3,10,23,29,36,47,2010
135,15,19,32,33,35,47,2010
136,7,19,26,28,32,45,2010
137,8,26,29,30,36,49,2010
138,5,7,12,23,40,47,2010
139,8,10,29,34,35,39,2010
140,1,8,24,26,27,46,2010
141,1,6,7,12,16,45,2010
142,4,5,14,20,35,36,2010
143,6,36,41,45,47,48,2010
144,11,12,20,22,34,36,2010
145,22,28,32,41,45,48,2010
146,2,32,36,39,42,49,2010
147,10,17,19,20,23,39,2010
148,1,24,25,35,40,41,2010
149,15,18,22,29,44,48,2010
150,20,25,31,38,39,42,2010
151,5,25,28,39,46,48,2010
152,2,13,16,30,39,47,2010
153,3,6,10,15,38,47,2010
154,1,17,27,28,39,45,2010
155,10,21,29,38,48,49,2010
156,3,6,17,40,43,46,2010
157,1,11,34,37,41,47,2010
158,10,16,26,31,39,41,2010
159,8,12,14,25,36,48,2010
160,2,9,10,22,31,48,2010
161,4,9,29,31,38,40,2010
162,4,5,9,13,17,41,2010
163,4,8,30,35,43,46,2010
164,2,3,9,25,34,38,2010
165,9,11,20,35,44,46,2010
166,6,9,11,25,35,44,2010
167,6,13,14,16,22,27,2010
168,1,4,7,24,42,44,2010
169,3,4,28,32,38,45,2010
170,5,8,26,28,30,34,2010
171,7,13,30,41,46,49,2010
172,13,15,17,25,31,42,2010
173,8,10,12,16,23,39,2010
174,5,16,23,27,29,35,2010
175,14,21,24,35,38,40,2010
176,6,9,19,22,29,42,2010
177,3,15,22,26,34,40,2010
178,8,17,31,32,33,46,2010
179,9,12,14,22,40,48,2010
180,4,11,16,20,46,47,2010
181,1,26,29,38,40,46,2010
182,9,19,23,26,30,49,2010
183,3,28,33,37,44,49,2010
184,10,11,17,19,23,40,2010
185,10,14,18,19,37,46,2010
186,1,10,17,28,30,48,2010
187,18,22,29,36,40,42,2010
188,6,35,37,39,40,45,2010
189,2,31,33,34,38,48,2010
190,2,8,19,29,32,44,2010
191,2,9,23,26,35,39,2010
192,13,23,27,28,35,47,2010
193,7,13,25,33,46,49,2010
194,5,9,13,20,23,44,2010
195,3,11,12,36,47,48,2010
196,5,16,19,21,40,45,2010
197,3,15,17,18,45,48,2010
198,7,15,38,39,47,49,2010
199,6,8,21,38,45,49,2010
200,9,10,12,25,33,38,2010
201,3,20,23,28,48,49,2010
202,1,11,34,44,45,47,2010
203,6,9,15,22,40,46,2010
204,7,10,25,33,46,47,2010
205,13,18,30,33,41,49,2010
206,4,12,13,26,29,40,2010
207,3,6,8,12,37,48,2010
208,6,12,19,21,35,38,2010
209,3,13,18,19,32,34,2010
210,8,18,26,30,32,47,2010
211,1,17,28,33,39,44,2010
212,4,10,23,24,29,32,2010
213,3,5,12,23,27,47,2010
214,2,9,15,34,36,42,2010
215,3,9,22,26,32,38,2010
216,4,6,10,24,26,32,2010
217,22,30,31,34,43,45,2010
218,7,12,15,22,40,47,2010
219,6,10,15,28,30,43,2010
220,4,24,35,36,37,47,2010
221,6,11,20,27,29,30,2010
222,4,7,9,23,30,47,2010
223,11,24,31,36,42,47,2010
224,2,14,19,33,36,41,2010
225,2,12,19,26,28,40,2010
226,9,23,25,29,34,40,2010
227,4,5,27,33,44,47,2010
228,14,16,23,28,33,41,2010
229,7,27,30,33,35,44,2010
230,1,7,20,21,26,31,2010
231,3,5,17,21,24,44,2010
232,3,10,11,20,32,36,2010
233,4,6,11,27,36,49,2010
234,4,10,26,34,41,47,2010
235,2,4,10,19,29,43,2010
236,16,25,31,38,39,46,2010
237,1,7,21,36,42,43,2010
238,27,33,37,39,41,47,2010
1,1,16,33,34,44,46,2009
2,4,8,9,19,42,45,2009
3,16,32,36,41,48,49,2009
4,7,18,26,27,28,29,2009
5,4,19,23,25,29,32,2009
6,4,17,26,36,37,47,2009
7,5,9,16,23,36,42,2009
8,4,7,8,14,29,33,2009
9,23,24,28,29,35,42,2009
10,7,19,30,34,37,39,2009
11,8,13,19,33,34,44,2009
12,4,10,20,22,25,30,2009
13,6,15,24,29,39,41,2009
14,7,9,11,25,30,31,2009
15,13,14,17,29,33,36,2009
16,1,18,26,31,35,48,2009
17,11,12,26,37,38,43,2009
18,8,10,11,15,37,39,2009
19,8,12,20,27,40,45,2009
20,9,15,21,22,34,38,2009
21,2,6,9,23,24,30,2009
22,7,29,32,35,38,41,2009
23,22,35,37,45,47,49,2009
24,3,6,13,23,29,48,2009
25,5,9,29,30,34,40,2009
26,19,23,24,43,45,48,2009
27,1,19,25,30,34,39,2009
28,8,12,17,21,32,41,2009
29,7,16,17,24,33,43,2009
30,6,8,29,30,34,35,2009
31,7,16,18,30,36,38,2009
32,3,17,25,28,29,48,2009
33,5,12,13,29,35,39,2009
34,2,15,16,19,32,42,2009
35,4,22,25,30,36,49,2009
36,1,10,15,17,22,27,2009
37,4,7,9,39,42,44,2009
38,10,18,21,24,36,49,2009
39,2,12,23,27,41,49,2009
40,2,7,10,21,27,35,2009
41,4,23,26,29,40,43,2009
42,9,18,32,33,44,46,2009
43,4,24,30,32,42,46,2009
44,17,18,32,39,40,49,2009
45,2,11,12,24,30,49,2009
46,9,17,38,39,42,47,2009
47,7,10,11,13,15,42,2009
48,4,15,16,25,38,40,2009
49,6,13,24,27,28,44,2009
50,3,14,17,23,27,28,2009
51,5,23,28,33,39,43,2009
52,6,27,33,38,40,42,2009
53,2,14,27,31,33,42,2009
54,3,15,21,23,38,39,2009
55,3,13,39,40,42,44,2009
56,2,10,25,28,39,41,2009
57,5,18,26,33,34,49,2009
58,12,18,20,26,34,35,2009
59,13,17,19,32,40,47,2009
60,15,23,33,38,39,43,2009
61,1,4,18,21,30,45,2009
62,3,7,17,21,32,48,2009
63,3,6,11,12,30,45,2009
64,13,15,20,23,29,38,2009
65,6,24,28,30,34,49,2009
66,5,15,17,18,29,35,2009
67,22,24,28,30,32,35,2009
68,22,32,34,35,38,42,2009
69,3,10,17,20,44,48,2009
70,20,22,23,35,39,49,2009
71,12,18,31,33,37,42,2009
72,14,18,22,33,40,43,2009
73,11,17,18,27,33,38,2009
74,11,15,30,31,33,35,2009
75,7,24,32,33,40,43,2009
76,5,9,16,26,31,47,2009
77,7,16,18,31,35,42,2009
78,11,21,31,39,45,46,2009
79,2,4,33,34,37,47,2009
80,2,6,17,20,25,43,2009
81,14,22,34,42,46,48,2009
82,2,10,16,34,44,47,2009
83,13,17,25,29,33,38,2009
84,2,3,19,27,32,41,2009
85,6,7,12,16,34,49,2009
86,8,14,31,32,39,45,2009
87,1,3,11,12,37,40,2009
88,6,8,17,29,35,44,2009
89,13,25,31,40,42,47,2009
90,1,7,12,23,25,29,2009
91,2,8,10,24,43,47,2009
92,7,17,20,22,31,32,2009
93,3,11,37,45,48,49,2009
94,3,11,19,20,34,41,2009
95,8,9,11,16,25,30,2009
96,10,12,13,23,42,45,2009
97,20,21,23,30,38,41,2009
98,16,34,38,44,48,49,2009
99,4,21,28,32,43,44,2009
100,7,16,27,35,41,45,2009
101,4,6,20,21,22,47,2009
102,6,12,21,26,36,48,2009
103,16,19,26,31,34,46,2009
104,7,13,16,19,20,34,2009
105,5,7,14,18,28,32,2009
106,4,7,25,31,40,44,2009
107,5,10,16,28,29,37,2009
108,1,8,14,15,33,47,2009
109,9,16,20,27,32,35,2009
110,8,10,17,37,41,42,2009
111,17,30,31,33,36,40,2009
112,11,25,29,31,36,37,2009
113,5,13,15,17,46,47,2009
114,4,7,22,28,38,43,2009
115,17,21,28,32,42,45,2009
116,14,16,18,27,37,44,2009
117,22,25,39,42,45,46,2009
118,2,3,8,12,43,48,2009
119,20,22,25,38,42,47,2009
120,2,16,24,33,38,49,2009
121,8,9,15,17,18,25,2009
122,5,6,22,27,31,36,2009
123,18,26,28,29,38,39,2009
124,5,7,9,15,35,45,2009
125,4,16,33,37,41,45,2009
126,3,6,7,15,25,28,2009
127,8,12,20,25,42,46,2009
128,1,19,25,38,40,49,2009
129,5,7,20,24,30,33,2009
130,1,8,16,35,39,42,2009
131,3,8,18,28,45,47,2009
132,3,12,18,28,37,48,2009
133,2,5,37,43,44,45,2009
134,1,27,38,39,40,42,2009
135,6,8,35,38,44,47,2009
136,3,24,29,36,47,48,2009
137,1,7,11,32,37,47,2009
138,11,13,16,17,24,35,2009
139,8,12,23,32,39,45,2009
140,1,6,12,13,37,49,2009
141,6,7,18,32,33,37,2009
142,17,23,31,32,40,42,2009
143,5,8,32,41,42,44,2009
144,13,21,23,43,46,49,2009
145,27,31,37,38,39,45,2009
146,9,10,15,17,20,38,2009
147,8,9,11,24,37,46,2009
148,8,17,24,27,39,42,2009
149,12,18,24,27,34,46,2009
150,1,8,9,13,25,41,2009
151,10,21,31,39,44,48,2009
152,9,19,23,25,36,40,2009
153,1,20,24,32,33,36,2009
154,4,11,24,43,44,46,2009
155,2,8,9,31,37,38,2009
156,21,23,24,27,31,34,2009
157,16,27,29,38,39,43,2009
158,4,19,20,24,33,40,2009
159,12,17,20,38,43,48,2009
160,5,6,9,17,20,38,2009
161,6,8,14,26,40,44,2009
162,11,12,15,20,22,28,2009
163,18,19,33,41,44,49,2009
164,4,5,10,15,20,23,2009
165,2,4,7,31,34,39,2009
166,3,7,9,15,17,33,2009
167,2,13,18,26,30,32,2009
168,7,8,22,30,32,44,2009
169,19,21,29,33,38,39,2009
170,1,2,7,12,28,30,2009
171,9,11,17,22,42,48,2009
172,14,20,28,34,45,46,2009
173,3,26,29,36,44,45,2009
174,8,18,28,35,43,45,2009
175,3,25,29,32,40,48,2009
176,3,4,10,31,45,47,2009
177,6,37,38,44,46,48,2009
178,1,8,10,24,28,29,2009
179,15,17,22,30,42,43,2009
180,5,24,32,39,41,44,2009
181,4,10,11,17,23,31,2009
182,11,13,19,24,31,36,2009
183,2,8,25,28,30,37,2009
184,20,22,24,35,37,44,2009
185,4,15,27,32,37,49,2009
186,7,14,16,26,38,49,2009
187,5,7,13,24,30,43,2009
188,5,13,17,25,34,44,2009
189,2,5,23,25,31,49,2009
190,9,10,26,31,34,49,2009
191,11,13,22,29,37,42,2009
192,6,18,22,24,30,49,2009
193,1,4,11,21,34,37,2009
194,7,10,14,35,39,47,2009
195,2,20,21,25,28,35,2009
196,7,9,11,18,44,45,2009
197,11,17,18,38,44,48,2009
198,5,6,20,22,26,49,2009
199,4,9,10,28,44,49,2009
200,13,16,33,38,43,47,2009
201,10,12,15,16,33,36,2009
202,1,5,11,32,35,41,2009
203,7,20,25,29,31,37,2009
204,9,14,15,18,37,41,2009
205,8,21,26,31,41,48,2009
206,3,4,15,22,36,43,2009
207,21,31,35,38,40,41,2009
208,2,22,35,42,46,49,2009
209,5,16,26,31,35,36,2009
210,3,8,36,38,41,46,2009
211,1,12,23,32,43,44,2009
212,3,16,23,25,29,39,2009
213,5,7,8,12,25,34,2009
214,16,17,21,22,35,46,2009
215,12,20,23,25,33,45,2009
216,12,15,20,36,38,46,2009
217,5,9,20,33,42,43,2009
218,4,17,29,31,40,47,2009
219,2,4,21,22,33,49,2009
220,12,16,19,24,39,44,2009
221,19,24,25,28,43,48,2009
222,2,10,13,24,25,42,2009
223,4,8,30,32,37,47,2009
224,9,20,25,28,39,47,2009
225,14,16,28,32,41,44,2009
226,5,18,22,29,36,43,2009
227,13,23,27,28,33,35,2009
228,2,7,10,30,37,39,2009
229,19,23,26,27,36,48,2009
230,9,14,21,26,41,49,2009
231,11,15,19,27,34,44,2009
232,2,5,8,37,38,47,2009
233,11,12,18,20,24,47,2009
234,3,17,29,31,33,46,2009
235,3,7,29,30,35,41,2009
236,2,5,23,29,46,49,2009
237,3,8,27,36,47,49,2009
238,3,5,10,17,36,43,2009
239,17,20,28,29,33,37,2009
240,6,7,14,24,25,38,2009
241,3,12,15,33,37,46,2009
242,12,19,25,27,37,44,2009
243,6,18,22,23,28,43,2009
244,12,17,30,38,43,49,2009
245,7,11,23,24,28,45,2009
246,4,18,27,36,45,46,2009
247,17,23,26,30,33,44,2009
248,16,17,29,34,40,49,2009
249,7,10,21,30,38,45,2009
250,4,33,34,35,48,49,2009
251,7,23,24,26,40,45,2009
252,8,10,18,22,25,37,2009
253,15,34,43,44,45,46,2009
254,2,23,29,35,36,40,2009
255,3,23,30,37,39,41,2009
256,8,14,17,19,45,48,2009
257,3,30,34,45,46,48,2009
258,4,22,29,32,34,47,2009
259,7,11,12,19,38,40,2009
260,2,12,24,34,43,44,2009
261,3,8,18,29,30,41,2009
262,4,6,9,11,28,42,2009
263,13,31,33,36,45,47,2009
264,3,7,21,23,28,32,2009
265,4,7,14,22,24,41,2009
266,5,8,16,17,35,49,2009
267,2,8,10,20,23,49,2009
268,5,16,26,28,30,31,2009
269,2,6,14,25,33,47,2009
270,12,19,27,39,41,44,2009
271,12,13,19,21,28,32,2009
272,4,5,12,34,35,37,2009
273,2,3,8,22,24,43,2009
274,1,10,16,17,44,47,2009
275,15,17,18,35,40,44,2009
276,4,9,14,23,34,39,2009
277,5,17,22,34,37,39,2009
278,20,23,26,37,44,49,2009
279,3,5,21,26,41,46,2009
280,19,22,24,27,37,40,2009
281,26,30,31,34,47,48,2009
282,3,9,10,11,15,43,2009
283,1,2,13,21,27,49,2009
284,1,4,6,9,30,43,2009
285,3,7,8,20,29,34,2009
286,5,17,18,19,22,26,2009
287,3,10,20,25,38,41,2009
288,8,15,16,33,36,47,2009
289,5,11,14,20,29,46,2009
290,6,29,30,35,44,46,2009
291,6,7,28,32,37,42,2009
292,15,17,41,42,44,45,2009
293,1,19,26,29,30,32,2009
294,15,18,29,31,35,45,2009
295,3,11,17,26,44,48,2009
296,6,8,10,22,28,47,2009
297,3,14,19,32,33,49,2009
298,6,15,23,33,39,47,2009
299,11,32,34,38,43,49,2009
300,6,7,10,16,44,48,2009
301,8,9,36,39,45,46,2009
302,10,16,19,32,34,47,2009
303,5,6,30,33,34,45,2009
304,2,3,10,17,19,41,2009
305,13,14,18,25,39,44,2009
306,1,6,9,13,31,36,2009
307,12,13,20,28,35,49,2009
308,7,19,36,43,44,48,2009
309,5,15,31,39,46,47,2009
310,5,8,13,19,23,42,2009
311,1,6,12,19,27,40,2009
312,7,9,13,26,40,42,2009
313,11,12,17,26,27,41,2009
314,2,9,16,40,44,45,2009
315,7,20,26,36,38,49,2009
1,14,17,21,24,25,32,2008
2,4,7,30,38,41,42,2008
3,12,22,30,33,42,44,2008
4,13,38,43,46,47,49,2008
5,11,15,19,23,31,37,2008
6,12,16,30,32,40,42,2008
7,7,8,13,35,36,41,2008
8,12,22,26,37,41,49,2008
9,6,17,35,36,39,44,2008
10,18,19,26,29,34,49,2008
11,1,3,4,6,11,15,2008
12,13,26,28,30,37,44,2008
13,7,15,22,34,38,48,2008
14,12,22,27,40,47,48,2008
15,3,13,15,34,40,45,2008
16,1,13,23,28,35,36,2008
17,15,20,23,28,32,38,2008
18,2,21,24,25,29,34,2008
19,7,18,19,22,40,44,2008
20,21,28,31,39,47,48,2008
21,9,22,28,33,38,47,2008
22,2,31,32,35,40,49,2008
23,6,8,24,30,43,48,2008
24,3,4,13,17,25,44,2008
25,5,13,20,21,23,34,2008
26,4,9,16,24,38,48,2008
27,10,15,21,34,35,36,2008
28,9,16,34,41,43,48,2008
29,23,29,37,38,45,46,2008
30,7,15,18,35,41,42,2008
31,2,21,28,35,38,41,2008
32,15,16,17,31,36,46,2008
33,4,25,40,41,42,46,2008
34,1,8,13,24,25,48,2008
35,25,26,27,40,42,45,2008
36,6,11,35,41,43,45,2008
37,18,23,24,28,30,42,2008
38,14,23,26,34,38,44,2008
39,25,28,41,42,43,48,2008
40,9,16,17,31,43,46,2008
41,17,20,30,40,41,42,2008
42,9,20,21,22,44,49,2008
43,4,10,19,22,39,46,2008
44,4,9,11,16,17,24,2008
45,5,7,12,19,32,49,2008
46,3,14,15,28,34,38,2008
47,12,15,19,23,27,31,2008
48,6,11,24,33,48,49,2008
49,6,16,30,41,45,48,2008
50,3,26,28,32,34,42,2008
51,7,13,20,23,38,41,2008
52,5,8,24,27,31,47,2008
53,2,15,17,27,30,40,2008
54,5,15,17,23,34,47,2008
55,10,17,20,26,29,33,2008
56,6,8,25,34,43,48,2008
57,4,20,26,38,39,48,2008
58,2,8,12,20,28,38,2008
59,1,3,15,21,30,34,2008
60,1,27,34,35,40,42,2008
61,7,9,17,22,26,31,2008
62,6,12,18,33,39,49,2008
63,11,13,23,24,27,34,2008
64,1,9,21,22,42,46,2008
65,5,19,26,27,28,45,2008
66,16,25,36,41,46,49,2008
67,5,13,19,30,32,37,2008
68,11,18,21,23,41,49,2008
69,3,7,10,26,39,48,2008
70,16,20,21,26,30,47,2008
71,1,6,24,26,33,40,2008
72,17,19,22,36,38,49,2008
73,13,20,22,37,46,49,2008
74,4,5,11,28,33,43,2008
75,2,20,29,33,35,42,2008
76,3,14,15,29,41,49,2008
77,3,4,8,10,33,44,2008
78,3,9,11,32,38,48,2008
79,6,1,12,16,38,45,2008
80,11,12,16,18,23,38,2008
81,14,15,20,25,45,46,2008
82,2,4,32,35,40,42,2008
83,6,13,14,16,34,39,2008
84,23,25,30,37,41,44,2008
85,15,20,38,41,46,49,2008
86,3,9,12,15,24,32,2008
87,11,29,32,37,46,47,2008
88,2,10,17,18,41,42,2008
89,9,10,12,18,40,41,2008
90,5,6,7,21,34,40,2008
91,10,25,32,36,43,47,2008
92,20,21,30,36,37,39,2008
93,4,12,22,23,24,31,2008
94,2,3,4,6,23,26,2008
95,5,18,24,44,46,47,2008
96,4,16,29,30,34,38,2008
97,3,7,15,19,21,28,2008
98,16,21,22,35,45,47,2008
99,6,33,37,45,48,49,2008
100,9,11,12,17,30,44,2008
101,8,10,16,28,40,47,2008
102,17,21,29,34,42,44,2008
103,2,3,9,16,21,28,2008
104,6,30,31,32,37,41,2008
105,4,27,28,41,47,49,2008
106,15,16,18,35,38,49,2008
107,2,4,7,10,18,44,2008
108,22,28,34,43,45,46,2008
109,12,14,19,24,25,29,2008
110,4,5,10,24,40,41,2008
111,1,3,19,26,31,45,2008
112,12,13,20,34,42,47,2008
113,4,20,33,35,44,49,2008
114,2,17,29,37,43,47,2008
115,11,14,16,19,31,45,2008
116,8,11,17,26,31,41,2008
117,14,23,27,34,40,48,2008
118,4,18,22,28,31,48,2008
119,15,16,22,24,30,44,2008
120,6,13,19,26,30,34,2008
121,3,21,28,31,42,45,2008
122,1,3,10,16,24,33,2008
123,18,19,26,30,34,43,2008
124,5,6,18,21,32,41,2008
125,7,9,27,29,45,47,2008
126,12,17,25,31,41,45,2008
127,2,10,11,13,24,33,2008
128,7,11,12,44,45,48,2008
129,14,19,21,26,40,43,2008
130,3,6,7,10,12,45,2008
131,4,11,37,42,43,44,2008
132,3,7,10,22,37,40,2008
133,1,4,5,26,27,35,2008
134,10,29,32,33,37,41,2008
135,25,27,28,41,44,45,2008
136,4,17,18,22,27,49,2008
137,8,25,29,42,48,49,2008
138,8,10,26,32,39,41,2008
139,5,13,28,30,38,39,2008
140,5,11,34,38,42,44,2008
141,1,7,10,15,36,43,2008
142,3,17,18,22,32,42,2008
143,1,13,16,17,23,24,2008
144,11,16,25,28,32,45,2008
145,21,22,40,42,46,49,2008
146,1,4,21,24,47,49,2008
147,4,13,18,29,46,48,2008
148,5,9,21,24,42,48,2008
149,3,12,16,26,33,35,2008
150,1,14,15,29,32,41,2008
151,7,10,23,33,34,43,2008
152,8,11,12,25,34,44,2008
153,3,11,13,27,33,41,2008
154,7,10,12,22,30,48,2008
155,1,9,10,13,17,20,2008
156,6,7,10,35,36,45,2008
157,11,13,15,38,43,49,2008
158,13,21,30,40,41,48,2008
159,1,18,33,41,42,43,2008
160,12,14,31,40,45,49,2008
161,17,18,32,38,43,44,2008
162,11,12,23,35,45,46,2008
163,1,14,21,37,45,49,2008
164,16,27,33,34,38,43,2008
165,1,4,9,29,32,42,2008
166,5,7,26,27,29,36,2008
167,6,7,8,14,20,43,2008
168,2,9,13,14,23,32,2008
169,4,5,6,19,26,45,2008
170,18,22,23,30,40,48,2008
171,11,19,21,22,25,28,2008
172,1,9,17,28,36,47,2008
173,16,25,26,32,38,46,2008
174,13,16,20,23,27,31,2008
175,15,23,28,30,36,41,2008
176,7,8,16,32,43,45,2008
177,6,19,24,25,40,49,2008
178,5,9,14,15,16,47,2008
179,10,11,31,33,36,39,2008
180,3,4,24,34,43,49,2008
181,7,12,31,35,41,48,2008
182,1,3,10,14,34,37,2008
183,19,21,23,24,27,42,2008
184,2,10,16,22,24,26,2008
185,8,20,24,30,46,47,2008
186,17,20,29,40,41,45,2008
187,5,8,10,20,34,38,2008
188,1,2,17,35,40,46,2008
189,7,14,23,30,43,48,2008
190,10,15,17,34,35,46,2008
191,14,26,29,31,43,48,2008
192,13,17,34,36,42,48,2008
193,1,2,3,8,17,39,2008
194,2,9,12,19,28,36,2008
195,14,21,23,24,27,33,2008
196,2,4,18,27,40,49,2008
197,6,10,16,18,20,32,2008
198,6,10,16,19,25,27,2008
199,9,17,22,23,35,36,2008
200,1,10,36,38,41,48,2008
201,1,6,10,12,21,37,2008
202,10,15,32,33,41,45,2008
203,4,24,25,31,34,38,2008
204,1,20,26,28,34,35,2008
205,3,10,17,29,44,46,2008
206,4,8,20,25,39,46,2008
207,16,19,28,32,47,49,2008
208,13,17,36,42,47,48,2008
209,14,19,23,24,41,42,2008
210,7,16,32,34,41,49,2008
211,7,26,28,31,34,41,2008
212,1,2,6,24,26,38,2008
213,16,20,39,41,42,49,2008
214,6,28,34,37,44,47,2008
215,5,14,26,35,39,40,2008
216,3,13,19,26,32,44,2008
217,1,5,14,28,36,37,2008
218,1,7,11,27,28,41,2008
219,11,14,25,34,47,49,2008
220,16,21,23,43,48,49,2008
221,1,6,18,27,30,35,2008
222,2,3,6,9,24,48,2008
223,5,10,26,27,28,29,2008
224,3,5,14,25,35,46,2008
225,4,23,34,44,47,48,2008
226,4,5,8,9,25,40,2008
227,5,18,36,45,47,49,2008
228,7,8,21,24,28,38,2008
229,2,21,25,38,40,49,2008
230,15,21,24,25,33,49,2008
231,10,12,14,25,30,44,2008
232,9,11,13,17,34,46,2008
233,6,20,33,35,37,48,2008
234,2,15,20,24,27,36,2008
235,7,31,34,44,46,48,2008
236,3,16,21,36,41,46,2008
237,11,13,18,27,47,48,2008
238,19,22,23,34,40,45,2008
239,1,6,26,28,33,43,2008
240,6,8,9,28,33,34,2008
241,17,20,30,35,37,46,2008
242,2,8,9,27,38,39,2008
243,11,14,19,32,40,44,2008
244,11,27,30,43,44,48,2008
245,10,13,20,28,34,41,2008
246,2,19,23,36,41,42,2008
247,10,17,19,28,48,49,2008
248,4,24,29,31,37,43,2008
249,7,8,11,14,33,42,2008
250,6,15,24,28,29,43,2008
251,21,33,35,38,39,49,2008
252,3,5,22,25,37,48,2008
253,13,17,35,36,41,47,2008
254,3,8,11,24,43,46,2008
255,3,6,8,22,33,41,2008
256,4,11,13,27,33,35,2008
257,8,13,28,31,37,43,2008
258,6,12,15,33,40,46,2008
259,2,10,13,16,33,34,2008
260,1,4,24,34,44,47,2008
261,3,22,23,28,31,34,2008
262,4,7,18,22,37,49,2008
263,8,9,20,30,32,48,2008
264,5,26,30,34,45,46,2008
265,1,2,22,32,38,45,2008
266,8,19,20,26,47,49,2008
267,4,10,20,34,38,44,2008
268,3,8,29,39,43,48,2008
269,3,4,15,19,35,41,2008
270,7,8,40,45,46,48,2008
271,1,11,14,27,30,47,2008
272,6,25,26,33,43,47,2008
273,6,7,13,28,32,38,2008
274,2,11,20,24,25,49,2008
275,6,14,18,24,36,47,2008
276,12,17,19,31,34,48,2008
277,2,7,15,36,41,45,2008
278,6,10,15,27,28,47,2008
279,1,2,3,13,29,30,2008
280,16,25,27,34,36,48,2008
281,2,6,12,13,38,49,2008
282,3,14,20,34,37,44,2008
283,5,9,13,26,34,40,2008
284,1,5,9,29,30,43,2008
285,2,9,11,30,33,39,2008
286,6,13,33,35,41,47,2008
287,2,4,19,30,39,48,2008
288,10,28,31,40,45,46,2008
289,7,10,24,29,31,48,2008
290,1,20,27,32,36,38,2008
291,1,10,17,32,46,47,2008
292,5,16,25,30,34,38,2008
293,5,11,13,28,36,42,2008
294,5,6,8,27,28,39,2008
295,2,8,22,25,42,48,2008
296,6,32,35,37,47,49,2008
297,5,19,21,26,35,44,2008
298,6,9,10,15,29,44,2008
299,11,22,37,41,42,45,2008
300,3,11,16,19,30,34,2008
301,4,10,14,19,37,49,2008
302,12,32,34,43,44,47,2008
303,4,6,16,24,37,48,2008
304,4,5,23,27,33,37,2008
305,21,23,24,30,34,40,2008
306,5,19,30,40,41,43,2008
307,19,21,23,27,29,38,2008
308,3,14,28,33,37,49,2008
309,1,4,19,31,34,44,2008
310,5,14,17,24,36,44,2008
311,9,32,35,39,47,48,2008
312,10,15,18,24,36,49,2008
1,5,6,9,30,42,44,2007
2,8,10,14,27,28,29,2007
3,21,34,39,44,45,46,2007
4,8,9,23,25,31,37,2007
5,7,11,24,26,27,46,2007
6,8,9,13,22,36,40,2007
7,4,10,13,27,35,42,2007
8,2,13,14,23,28,48,2007
9,9,14,17,28,32,48,2007
10,7,8,17,18,24,48,2007
11,1,18,21,26,29,42,2007
12,13,34,36,40,42,48,2007
13,6,14,22,30,33,46,2007
14,17,21,35,36,37,46,2007
15,7,13,23,26,27,33,2007
16,4,17,18,25,33,44,2007
17,11,21,22,26,37,43,2007
18,4,12,18,25,36,46,2007
19,13,31,37,44,45,46,2007
20,8,17,31,36,37,46,2007
21,2,3,6,32,34,48,2007
22,1,23,43,44,47,48,2007
23,2,26,29,30,36,37,2007
24,6,7,14,15,30,45,2007
25,5,10,28,33,39,43,2007
26,6,13,19,27,33,38,2007
27,17,21,24,35,41,47,2007
28,20,24,30,31,37,48,2007
29,2,7,8,10,11,13,2007
30,21,24,30,37,41,45,2007
31,9,27,32,36,37,48,2007
32,8,9,12,30,41,48,2007
33,1,10,11,15,18,36,2007
34,24,31,33,36,42,44,2007
35,12,16,19,20,24,48,2007
36,7,12,16,20,25,29,2007
37,15,16,18,21,37,42,2007
38,11,19,20,33,43,46,2007
39,10,14,25,27,29,32,2007
40,3,7,8,10,30,35,2007
41,9,16,19,25,26,29,2007
42,6,21,29,30,38,47,2007
43,3,23,25,34,40,49,2007
44,2,13,20,32,39,41,2007
45,10,16,23,28,30,38,2007
46,7,27,35,36,43,48,2007
47,3,4,5,19,22,37,2007
48,4,5,14,16,20,46,2007
49,9,10,14,17,25,31,2007
50,3,15,18,38,41,45,2007
51,4,6,11,15,32,37,2007
52,2,19,20,26,42,43,2007
53,6,8,11,15,18,30,2007
54,7,15,16,19,22,39,2007
55,4,5,8,19,22,25,2007
56,12,23,27,38,47,48,2007
57,7,21,33,35,39,41,2007
58,11,12,30,32,45,47,2007
59,2,10,24,33,35,48,2007
60,1,3,5,14,18,40,2007
61,5,8,9,19,28,46,2007
62,5,10,14,26,33,47,2007
63,7,17,19,21,26,49,2007
64,4,9,17,32,38,48,2007
65,19,30,33,34,38,39,2007
66,17,37,38,40,48,49,2007
67,15,16,17,29,33,43,2007
68,20,24,29,37,44,48,2007
69,7,11,12,30,33,43,2007
70,17,21,24,41,43,47,2007
71,8,13,15,17,25,40,2007
72,3,5,14,18,19,31,2007
73,2,25,28,38,39,47,2007
74,3,14,16,24,36,46,2007
75,15,17,18,38,39,45,2007
76,6,11,15,27,32,43,2007
77,2,17,18,22,38,40,2007
78,1,10,16,30,36,44,2007
79,3,9,14,26,29,47,2007
80,1,5,22,28,39,44,2007
81,3,26,30,32,38,45,2007
82,13,20,22,38,47,49,2007
83,9,25,33,43,48,49,2007
84,9,15,22,24,26,30,2007
85,2,7,8,39,45,49,2007
86,4,8,14,25,36,48,2007
87,2,6,17,22,44,45,2007
88,23,25,27,39,40,48,2007
89,4,15,16,29,40,49,2007
90,2,10,12,22,36,48,2007
91,2,10,11,24,36,45,2007
92,6,8,22,31,39,44,2007
93,5,18,34,39,40,43,2007
94,17,21,40,41,44,47,2007
95,22,27,31,39,47,48,2007
96,6,21,39,42,47,48,2007
97,6,7,26,27,45,48,2007
98,7,12,17,18,26,38,2007
99,5,6,9,13,27,36,2007
100,5,7,30,32,47,48,2007
101,13,28,38,43,45,46,2007
102,1,5,7,11,12,14,2007
103,12,15,22,25,34,38,2007
104,10,17,29,30,34,35,2007
105,2,17,20,25,32,36,2007
106,6,17,29,30,33,44,2007
107,15,22,38,39,40,45,2007
108,3,13,22,25,26,44,2007
109,2,10,16,23,29,45,2007
110,8,15,17,20,24,46,2007
111,7,25,32,35,40,45,2007
112,3,7,14,31,32,35,2007
113,2,4,9,19,31,46,2007
114,2,13,14,22,29,36,2007
115,2,5,16,17,29,47,2007
116,15,20,22,33,38,44,2007
117,8,10,11,13,37,45,2007
118,4,25,28,32,37,43,2007
119,4,6,26,36,37,38,2007
120,2,3,14,16,18,24,2007
121,34,36,43,45,46,47,2007
122,12,18,21,23,24,43,2007
123,2,12,17,35,42,47,2007
124,4,5,8,17,42,46,2007
125,6,8,28,33,47,49,2007
126,8,9,14,20,28,29,2007
127,2,38,39,42,43,48,2007
128,16,18,21,46,47,49,2007
129,1,21,26,32,34,41,2007
130,3,7,22,28,31,47,2007
131,1,9,11,15,24,25,2007
132,10,29,30,32,33,49,2007
133,1,3,5,22,45,48,2007
134,2,28,30,38,45,46,2007
135,3,5,8,22,35,44,2007
136,17,19,34,45,47,48,2007
137,5,12,14,20,27,29,2007
138,11,22,24,29,44,46,2007
139,8,9,20,29,39,49,2007
140,12,22,28,30,32,36,2007
141,1,16,20,25,28,29,2007
142,1,4,7,38,43,44,2007
143,7,15,18,20,21,35,2007
144,1,13,20,21,23,27,2007
145,32,33,38,40,41,47,2007
146,1,10,13,15,25,27,2007
147,1,6,11,13,17,25,2007
148,4,8,23,32,33,47,2007
149,11,12,15,26,27,39,2007
150,1,7,9,10,32,43,2007
151,10,12,24,31,39,49,2007
152,2,5,24,34,38,48,2007
153,8,16,22,29,34,39,2007
154,12,13,28,33,38,42,2007
155,1,5,7,11,48,49,2007
156,1,2,13,28,37,46,2007
157,19,21,22,32,36,46,2007
158,2,3,35,40,42,43,2007
159,4,6,8,11,30,39,2007
160,7,19,23,25,28,45,2007
161,10,13,18,27,38,48,2007
162,1,3,16,24,36,37,2007
163,2,3,15,19,24,32,2007
164,2,9,14,26,28,30,2007
165,3,13,19,25,37,45,2007
166,5,8,9,21,30,44,2007
167,4,14,31,33,44,48,2007
168,21,23,25,28,31,34,2007
169,5,20,21,40,46,48,2007
170,13,16,19,36,40,43,2007
171,12,15,18,23,44,49,2007
172,6,11,21,24,25,26,2007
173,24,25,30,32,36,42,2007
174,5,8,10,16,20,32,2007
175,5,15,19,20,32,39,2007
176,7,8,11,22,29,41,2007
177,7,18,21,25,37,41,2007
178,1,19,23,28,40,41,2007
179,1,3,26,29,45,47,2007
180,10,17,31,41,43,46,2007
181,8,9,16,21,28,29,2007
182,1,3,10,11,32,48,2007
183,4,5,11,27,31,49,2007
184,24,25,26,40,43,46,2007
185,7,12,33,37,42,46,2007
186,6,15,21,23,37,49,2007
187,2,3,12,21,24,31,2007
188,1,10,14,19,27,43,2007
189,12,15,19,45,47,48,2007
190,14,15,24,27,35,41,2007
191,5,8,19,36,37,43,2007
192,3,6,13,27,33,36,2007
193,4,15,21,22,45,49,2007
194,8,18,26,35,42,45,2007
195,8,13,26,29,32,36,2007
196,8,14,24,36,40,49,2007
197,2,9,18,20,21,25,2007
198,2,9,14,31,48,49,2007
199,4,8,15,31,44,49,2007
200,8,10,33,36,43,46,2007
201,1,18,22,33,38,46,2007
202,11,13,25,41,43,48,2007
203,10,21,35,44,48,49,2007
204,5,9,25,26,42,46,2007
205,5,7,10,21,26,32,2007
206,10,15,21,27,36,49,2007
207,5,6,19,35,39,49,2007
208,2,5,8,9,39,44,2007
209,3,7,24,32,38,41,2007
210,15,29,33,39,45,48,2007
211,3,14,19,26,41,42,2007
212,6,19,30,43,44,48,2007
213,26,31,36,41,48,49,2007
214,5,8,15,22,27,33,2007
215,6,7,14,27,28,48,2007
216,15,18,22,30,39,48,2007
217,9,11,15,18,33,49,2007
218,10,14,23,32,34,45,2007
219,10,14,26,38,44,47,2007
220,15,25,27,31,45,49,2007
221,14,36,39,46,47,49,2007
222,3,6,26,46,48,49,2007
223,6,16,38,39,42,47,2007
224,2,10,18,27,42,48,2007
225,4,5,9,11,14,23,2007
226,9,12,14,34,36,38,2007
227,1,11,26,27,39,42,2007
228,15,18,20,31,39,43,2007
229,19,21,25,32,42,43,2007
230,5,14,18,26,33,46,2007
231,10,22,24,31,38,44,2007
232,3,16,22,25,33,46,2007
233,3,6,10,14,35,38,2007
234,5,19,28,29,36,48,2007
235,2,3,7,17,25,32,2007
236,1,6,11,15,35,49,2007
237,10,27,33,39,47,49,2007
238,5,6,8,11,23,28,2007
239,4,16,24,29,36,45,2007
240,14,20,27,33,42,45,2007
241,1,2,9,18,29,37,2007
242,7,31,34,42,46,47,2007
243,2,28,30,35,46,49,2007
244,5,14,22,23,34,36,2007
245,1,3,6,8,17,23,2007
246,2,4,6,29,47,49,2007
247,7,8,15,22,23,43,2007
248,26,31,35,37,40,41,2007
249,8,9,31,35,42,48,2007
250,11,15,20,22,42,49,2007
251,2,10,14,33,40,48,2007
252,11,24,39,43,46,48,2007
253,13,18,19,23,28,48,2007
254,8,12,16,20,37,44,2007
255,4,23,37,39,45,47,2007
256,7,16,32,33,41,46,2007
257,3,19,21,29,32,33,2007
258,1,11,21,26,34,48,2007
259,7,11,28,43,44,49,2007
260,2,8,11,18,26,37,2007
261,14,16,24,25,36,45,2007
262,5,14,21,26,40,44,2007
263,2,16,24,30,40,43,2007
264,10,24,31,39,45,46,2007
265,26,28,29,30,39,43,2007
266,1,5,16,19,20,33,2007
267,5,25,27,29,33,45,2007
268,10,13,14,20,25,31,2007
269,3,14,16,38,42,44,2007
270,4,16,40,41,43,46,2007
271,9,16,20,32,34,48,2007
272,2,13,16,19,25,40,2007
273,9,13,18,19,33,43,2007
274,4,15,19,27,34,40,2007
275,9,12,16,19,23,43,2007
276,1,16,18,23,25,30,2007
277,19,29,37,39,43,49,2007
278,9,15,16,24,34,39,2007
279,5,11,17,19,30,40,2007
280,3,17,20,22,31,35,2007
281,1,15,17,20,33,34,2007
282,5,23,26,27,30,37,2007
283,21,30,32,33,37,42,2007
284,2,7,8,14,17,18,2007
285,3,13,23,33,35,37,2007
286,4,11,12,25,40,45,2007
287,20,32,35,36,43,44,2007
288,4,13,19,26,44,45,2007
289,20,26,27,39,40,43,2007
290,14,16,21,26,27,35,2007
291,3,14,23,31,43,48,2007
292,17,19,26,32,39,41,2007
293,4,24,39,41,43,47,2007
294,10,18,19,23,28,45,2007
295,7,12,30,34,36,44,2007
296,1,4,19,24,28,42,2007
297,15,17,19,25,38,44,2007
298,4,24,29,34,39,41,2007
299,1,11,16,18,35,49,2007
300,1,6,16,27,38,45,2007
301,8,15,25,37,38,42,2007
302,4,9,21,25,39,46,2007
303,9,20,27,39,43,46,2007
304,7,22,37,41,42,49,2007
305,1,11,14,17,26,43,2007
306,13,17,18,44,45,49,2007
307,2,5,6,15,39,46,2007
308,18,21,25,37,42,47,2007
309,12,19,32,35,39,49,2007
310,15,16,24,26,29,49,2007
311,8,10,18,39,45,48,2007
312,2,8,12,19,24,38,2007
