Date,Meal,Calories,Fat (g),Saturated Fat,Polyunsaturated Fat,Monounsaturated Fat,Trans Fat,Cholesterol,Sodium (mg),Potassium,Carbohydrates (g),Fiber,Sugar,Protein (g),Vitamin A,Vitamin C,Calcium,Iron
2012-11-11,Breakfast,574.0,28.4,18.7,0.0,0.0,0.0,0.0,186.0,0.0,60.7,0.0,53.9,18.5,0.0,0.0,0.0,0.0
2012-11-11,Lunch,805.0,35.0,14.7,0.0,11.9,0.0,182.0,2597.0,0.0,91.0,22.4,0.0,35.0,0.0,0.0,0.0,0.0
2012-11-11,Dinner,614.8,41.6,11.4,3.6,19.4,0.0,44.6,656.8,1638.6,50.4,8.4,30.5,18.8,78.4,114.7,44.2,14.1
2012-11-11,Snacks,72.0,0.0,0.0,0.0,0.0,0.0,0.0,133.0,0.0,17.0,0.0,16.0,0.0,0.0,0.0,0.0,0.0
2012-11-12,Lunch,840.0,59.0,13.0,0.0,0.0,0.0,153.0,1787.0,672.0,81.5,2.0,0.0,56.3,0.0,0.0,2.0,10.0
2012-11-12,Dinner,585.9,38.8,9.4,3.7,19.4,0.0,44.6,600.8,2081.0,54.9,9.9,29.1,16.0,84.7,128.8,49.0,18.8
2012-11-12,Snacks,1508.0,91.1,18.0,0.0,0.0,0.0,0.0,122.2,0.0,106.8,9.8,83.8,19.4,0.0,0.0,4.0,0.0
2012-11-13,Breakfast,430.0,10.8,1.6,1.0,2.0,0.0,0.0,167.0,210.0,66.6,8.6,30.6,18.0,15.0,0.0,0.0,50.0
2012-11-13,Lunch,1610.0,70.0,29.4,0.0,23.8,0.0,364.0,5194.0,0.0,182.0,44.8,0.0,70.0,0.0,0.0,0.0,0.0
2012-11-13,Dinner,1355.6,97.6,25.0,9.8,47.0,0.0,937.2,1427.6,3055.2,82.2,14.4,45.0,51.6,147.0,187.0,96.4,38.4
2012-11-13,Snacks,212.0,0.0,0.0,0.0,0.0,0.0,0.0,35.0,0.0,30.0,0.0,30.0,0.0,0.0,0.0,0.0,0.0
2012-11-14,Breakfast,190.0,7.0,7.0,0.0,0.0,0.0,0.0,660.0,0.0,30.0,2.0,24.0,6.0,4.0,0.0,0.0,12.0
2012-11-14,Lunch,840.0,28.0,12.0,0.0,0.0,0.4,80.0,2080.0,0.0,112.0,4.0,8.0,40.0,16.0,16.0,40.0,60.0
2012-11-14,Snacks,2.0,0.0,0.0,0.0,0.0,0.0,0.0,5.0,0.0,0.0,0.0,0.0,0.0,0.0,0.0,0.0,0.0
2012-11-17,Breakfast,320.0,7.4,0.8,1.0,2.0,0.0,0.0,151.0,210.0,53.8,6.8,21.8,11.0,15.0,0.0,0.0,50.0
2012-11-17,Dinner,620.0,0.0,0.0,0.0,0.0,0.0,0.0,50.0,1360.0,141.0,16.0,108.0,0.0,0.0,36.0,2.0,22.0
2012-11-18,Breakfast,320.0,7.4,0.8,1.0,2.0,0.0,0.0,151.0,210.0,53.8,6.8,21.8,11.0,15.0,0.0,0.0,50.0
2012-11-18,Lunch,779.9,4.9,0.2,0.5,0.1,0.0,7.6,308.9,2321.0,199.6,25.9,145.3,9.6,28.7,820.5,34.3,13.5
2012-11-24,Breakfast,512.6,2.6,0.3,0.5,0.3,0.0,0.0,1.8,1396.2,128.4,30.6,97.8,5.4,7.8,320.9,13.5,9.5
2012-11-24,Lunch,822.0,8.0,0.0,0.0,0.0,0.0,2.0,452.0,0.0,38.0,2.0,0.0,6.0,0.0,0.0,0.0,0.0
2012-11-24,Dinner,652.6,1.6,0.4,0.7,0.3,0.0,0.0,1.8,1795.2,164.4,38.6,137.8,3.4,13.8,160.9,15.5,13.5
2012-11-25,Breakfast,344.0,11.2,4.8,1.0,2.0,0.2,0.0,205.0,210.0,51.0,5.0,13.0,11.0,15.0,0.0,20.0,50.0
2012-11-25,Lunch,489.5,21.2,9.9,1.8,7.3,0.0,105.5,948.0,698.9,42.0,2.3,4.2,32.1,9.8,7.2,18.3,24.0
2012-12-03,Breakfast,200.0,4.0,0.0,0.0,0.0,0.0,0.0,480.0,0.0,56.0,1.0,8.0,8.0,0.0,0.0,2.0,8.0
2012-12-03,Lunch,881.0,41.5,18.4,1.9,5.7,0.3,265.5,1715.6,1030.4,52.0,2.0,1.5,94.9,0.6,0.0,5.1,13.1
2012-12-03,Dinner,489.5,21.2,9.9,1.8,7.3,0.0,105.5,948.0,698.9,42.0,2.3,4.2,32.1,9.8,7.2,18.3,24.0
2012-12-05,Dinner,540.5,31.5,19.2,1.1,7.1,0.0,92.9,1433.6,763.0,38.5,6.8,15.1,30.6,334.4,812.1,60.3,14.7
2012-12-09,Breakfast,1260.0,54.0,0.0,0.0,0.0,0.0,100.0,3880.0,0.0,140.0,0.0,0.0,26.0,0.0,0.0,0.0,0.0
2012-12-09,Lunch,840.0,27.0,6.0,0.0,0.0,0.0,65.0,1855.0,0.0,98.0,11.0,14.0,54.0,19.0,60.0,30.0,30.0
2012-12-09,Snacks,504.0,30.0,18.0,0.0,0.0,0.0,0.0,0.0,0.0,60.0,0.0,56.4,6.0,0.0,0.0,0.0,0.0
2012-12-19,Dinner,375.1,1.2,0.2,0.5,0.0,0.0,0.0,171.2,2020.9,94.3,20.7,62.9,6.1,680.6,101.7,45.6,7.3
2012-12-24,Breakfast,156.0,7.9,5.0,0.0,0.0,0.2,0.0,73.2,0.0,12.6,0.4,1.8,8.4,0.0,0.0,20.0,0.0
2012-12-24,Lunch,199.0,0.0,0.0,0.0,0.0,0.0,0.0,7.0,0.0,45.0,1.0,0.0,4.0,0.0,0.0,1.0,3.0
2012-12-24,Snacks,724.0,49.2,9.8,9.5,29.9,0.0,0.0,10.0,0.0,32.1,2.9,8.7,19.0,0.0,0.0,0.0,10.0
2012-12-25,Breakfast,377.0,4.9,0.6,0.0,1.0,0.0,0.0,159.5,55.0,57.8,16.8,6.0,2.0,15.0,0.0,0.0,60.0
2012-12-25,Snacks,429.0,0.0,0.0,0.0,0.0,0.0,0.0,7.0,0.0,32.0,0.0,0.0,4.0,0.0,0.0,0.0,0.0
2012-12-26,Breakfast,254.0,8.7,4.8,0.0,1.0,0.2,0.0,210.0,55.0,35.0,2.0,6.0,9.0,15.0,0.0,20.0,60.0
2012-12-29,Breakfast,314.0,10.2,4.8,1.0,1.5,0.2,0.0,175.0,150.0,47.0,5.0,12.0,11.0,15.0,20.0,20.0,10.0
2012-12-29,Lunch,880.0,22.0,9.0,0.0,0.0,0.0,100.0,2040.0,0.0,112.0,12.0,24.0,56.0,20.0,50.0,90.0,50.0
2012-12-30,Breakfast,314.0,10.2,4.8,1.0,1.5,0.2,0.0,175.0,150.0,47.0,5.0,12.0,11.0,15.0,20.0,20.0,10.0
2013-01-01,Breakfast,880.0,22.0,9.0,0.0,0.0,0.0,100.0,2040.0,0.0,112.0,12.0,24.0,56.0,20.0,50.0,90.0,50.0
2013-01-12,Lunch,650.7,20.0,4.0,12.0,8.0,0.0,188.0,191.7,3747.3,52.1,6.2,4.2,73.4,4.0,75.0,8.2,30.6
2013-01-12,Snacks,132.0,0.0,0.0,0.0,0.0,0.0,0.0,7.0,0.0,11.0,0.0,0.0,1.0,0.0,0.0,0.0,0.0
2013-02-01,Breakfast,1213.0,87.6,29.4,0.0,0.0,0.4,0.0,292.9,0.0,50.8,8.7,23.2,48.7,0.0,0.0,82.0,0.0
2013-02-02,Breakfast,1055.0,74.1,18.9,0.0,0.0,0.2,0.0,173.9,0.0,46.4,10.5,24.8,44.0,0.0,0.0,41.0,0.0
2013-02-02,Snacks,100.0,6.0,1.0,4.0,1.0,0.0,5.0,870.0,60.0,9.0,2.0,1.0,1.0,0.0,0.0,0.0,0.0
2013-02-14,Breakfast,275.0,9.9,4.9,0.5,3.1,0.0,25.0,242.5,422.5,36.7,2.0,19.6,10.3,15.0,0.0,30.0,60.0
2013-02-14,Lunch,604.3,16.4,2.3,2.0,3.0,0.0,169.3,86.5,533.8,53.2,0.6,0.0,34.1,5.2,0.0,3.7,22.3
2013-02-14,Dinner,489.5,21.2,9.9,1.8,7.3,0.0,105.5,948.0,698.9,42.0,2.3,4.2,32.1,9.8,7.2,18.3,24.0
2013-02-14,Snacks,710.1,15.6,5.3,0.8,2.2,0.0,25.0,306.0,1634.8,134.6,9.2,82.9,20.2,4.5,51.3,31.8,5.1
2013-02-22,Snacks,560.0,9.0,2.0,3.0,3.0,0.0,10.0,380.0,1140.0,118.0,10.0,74.0,10.0,30.0,240.0,60.0,70.0
2013-02-23,Breakfast,314.0,10.2,4.8,1.0,1.5,0.2,0.0,175.0,150.0,47.0,5.0,12.0,11.0,15.0,20.0,20.0,10.0
2013-03-17,Breakfast,374.0,13.2,5.8,2.5,2.0,0.2,0.0,210.0,210.0,53.0,7.0,11.0,13.0,15.0,0.0,22.0,90.0
2013-03-17,Dinner,780.0,21.0,8.9,0.0,0.0,1.0,100.0,1980.0,0.0,98.0,7.0,16.0,53.0,20.0,45.0,90.0,50.0
2013-03-17,Snacks,677.6,21.1,4.7,0.0,0.0,0.1,8.0,218.0,0.0,84.0,9.3,31.4,36.1,0.0,0.0,0.0,0.0
2013-03-18,Breakfast,374.0,13.2,5.8,2.5,2.0,0.2,0.0,210.0,210.0,53.0,7.0,11.0,13.0,15.0,0.0,22.0,90.0
2013-03-18,Lunch,734.0,34.0,8.0,0.0,0.0,0.0,107.0,760.0,0.0,92.0,4.0,1.0,56.4,0.0,6.0,12.0,16.0
2013-03-18,Dinner,780.0,21.0,8.9,0.0,0.0,1.0,100.0,1980.0,0.0,98.0,7.0,16.0,53.0,20.0,45.0,90.0,50.0
2013-03-18,Snacks,122.0,0.0,0.0,0.0,0.0,0.0,0.0,0.0,170.0,35.0,5.0,29.0,0.0,2.0,108.0,0.0,2.0
2013-03-19,Breakfast,374.0,13.2,5.8,2.5,2.0,0.2,0.0,210.0,210.0,53.0,7.0,11.0,13.0,15.0,0.0,22.0,90.0
2013-03-19,Lunch,734.0,34.0,8.0,0.0,0.0,0.0,107.0,760.0,0.0,92.0,4.0,1.0,56.4,0.0,6.0,12.0,16.0
2013-03-19,Dinner,551.0,14.4,3.6,2.6,4.3,0.0,98.8,1109.8,247.5,68.0,1.4,16.0,37.4,1.4,0.0,1.2,7.6
2013-03-19,Snacks,223.2,1.0,0.1,0.2,0.2,0.0,0.0,5.0,992.0,51.6,1.0,41.7,3.5,19.8,413.3,5.5,5.5
2013-03-20,Breakfast,374.0,13.2,5.8,2.5,2.0,0.2,0.0,210.0,210.0,53.0,7.0,11.0,13.0,15.0,0.0,22.0,90.0
2013-03-20,Lunch,874.0,16.0,1.0,0.0,0.0,0.0,0.0,998.0,0.0,116.0,20.0,18.0,70.0,0.0,0.0,0.0,0.0
2013-03-20,Dinner,780.0,21.0,8.9,0.0,0.0,1.0,100.0,1980.0,0.0,98.0,7.0,16.0,53.0,20.0,45.0,90.0,50.0
2013-03-20,Snacks,330.0,17.4,6.8,0.0,0.0,0.0,0.0,346.0,0.0,43.8,2.8,20.8,10.0,2.0,0.0,0.0,6.0
2013-03-21,Breakfast,374.0,13.2,5.8,2.5,2.0,0.2,0.0,210.0,210.0,53.0,7.0,11.0,13.0,15.0,0.0,22.0,90.0
2013-03-21,Lunch,550.0,27.0,13.0,0.0,0.0,0.0,119.0,1332.0,672.0,48.0,2.0,0.0,45.0,0.0,0.0,0.0,0.0
2013-03-21,Dinner,780.0,21.0,8.9,0.0,0.0,1.0,100.0,1980.0,0.0,98.0,7.0,16.0,53.0,20.0,45.0,90.0,50.0
2013-03-21,Snacks,268.0,19.4,13.0,0.0,0.0,0.0,336.0,130.0,0.0,8.0,0.0,14.4,9.4,0.0,0.0,44.0,0.0
2013-03-22,Breakfast,374.0,13.2,5.8,2.5,2.0,0.2,0.0,210.0,210.0,53.0,7.0,11.0,13.0,15.0,0.0,22.0,90.0
2013-03-22,Lunch,480.0,15.0,5.0,0.0,0.0,0.0,115.0,810.0,0.0,51.0,0.0,0.0,34.0,6.0,2.0,8.0,15.0
2013-03-23,Breakfast,374.0,13.2,5.8,2.5,2.0,0.2,0.0,210.0,210.0,53.0,7.0,11.0,13.0,15.0,0.0,22.0,90.0
2013-03-23,Lunch,960.0,65.9,40.9,0.0,0.0,0.0,0.0,403.0,0.0,61.8,0.0,52.4,30.8,0.0,0.0,126.0,0.0
2013-03-23,Dinner,736.0,42.5,18.7,0.0,0.0,0.0,0.0,169.0,0.0,70.2,0.0,42.0,17.2,0.0,0.0,42.0,0.0
2013-03-24,Breakfast,512.0,15.4,3.8,0.0,0.0,0.0,0.0,92.7,0.0,83.9,0.0,61.7,5.2,0.0,0.0,3.3,0.0
2013-03-24,Dinner,780.0,21.0,8.9,0.0,0.0,1.0,100.0,1980.0,0.0,98.0,7.0,16.0,53.0,20.0,45.0,90.0,50.0
2013-03-25,Dinner,780.0,21.0,8.9,0.0,0.0,1.0,100.0,1980.0,0.0,98.0,7.0,16.0,53.0,20.0,45.0,90.0,50.0
2013-03-26,Breakfast,374.0,13.2,5.8,2.5,2.0,0.2,0.0,210.0,210.0,53.0,7.0,11.0,13.0,15.0,0.0,22.0,90.0
2013-03-26,Lunch,489.5,21.2,9.9,1.8,7.3,0.0,105.5,948.0,698.9,42.0,2.3,4.2,32.1,9.8,7.2,18.3,24.0
2013-03-26,Dinner,780.0,21.0,8.9,0.0,0.0,1.0,100.0,1980.0,0.0,98.0,7.0,16.0,53.0,20.0,45.0,90.0,50.0
2013-03-26,Snacks,500.0,24.0,14.8,0.0,0.0,0.0,0.0,96.0,0.0,62.8,0.0,54.0,6.8,0.0,0.0,328.0,0.0
2013-03-27,Breakfast,374.0,13.2,5.8,2.5,2.0,0.2,0.0,210.0,210.0,53.0,7.0,11.0,13.0,15.0,0.0,22.0,90.0
2013-03-27,Dinner,780.0,21.0,8.9,0.0,0.0,1.0,100.0,1980.0,0.0,98.0,7.0,16.0,53.0,20.0,45.0,90.0,50.0
2013-03-27,Snacks,1105.0,34.1,17.7,0.0,0.0,0.0,0.0,329.0,0.0,157.7,7.2,78.2,39.0,0.0,0.0,0.0,0.0
2013-03-31,Breakfast,374.0,13.2,5.8,2.5,2.0,0.2,0.0,210.0,210.0,53.0,7.0,11.0,13.0,15.0,0.0,22.0,90.0
2013-03-31,Lunch,880.0,22.0,9.0,0.0,0.0,0.0,100.0,2040.0,0.0,112.0,12.0,24.0,56.0,20.0,50.0,90.0,50.0
2013-03-31,Dinner,474.0,17.4,10.5,0.2,0.1,0.0,76.0,326.0,336.0,55.2,1.2,51.1,26.3,35.1,40.5,3.1,6.0
2013-04-04,Breakfast,572.0,23.7,6.3,0.0,0.0,0.0,0.0,20.0,0.0,84.3,6.0,58.8,8.7,0.0,83.0,0.0,0.0
2013-07-04,Breakfast,234.0,8.1,5.3,0.0,0.0,0.2,0.0,170.0,0.0,35.0,0.9,12.0,8.5,0.0,0.0,20.0,0.0
2013-07-04,Lunch,753.0,20.0,5.0,4.0,8.0,0.0,63.0,639.0,315.0,189.0,2.0,0.0,31.0,0.0,0.0,21.5,16.0
2013-07-04,Snacks,331.5,4.7,2.0,0.8,1.5,0.0,1.8,147.1,844.9,73.1,7.2,36.4,5.1,3.0,34.2,1.2,3.4
2013-07-06,Dinner,474.0,16.0,0.2,0.0,0.0,0.8,0.0,2.4,860.0,74.0,6.2,29.4,15.2,2.4,36.0,2.4,2.4
2013-07-07,Breakfast,1091.0,30.4,6.5,0.0,0.0,0.8,0.0,717.2,430.0,173.6,12.9,57.7,28.0,1.2,18.0,1.2,1.2
2013-07-07,Lunch,462.0,2.3,0.2,0.8,0.6,0.0,0.0,15.4,1724.8,116.3,6.2,95.5,9.4,175.3,207.9,10.8,20.5
2013-07-08,Breakfast,598.0,15.4,3.3,0.0,0.0,0.4,0.0,359.2,430.0,100.5,8.0,36.2,14.6,1.2,18.0,1.2,1.2
2013-07-08,Lunch,917.5,24.8,14.7,2.5,0.0,0.0,0.0,976.2,430.0,122.5,5.6,54.8,34.2,1.2,18.0,132.2,21.2
2013-07-08,Dinner,1008.1,50.6,26.9,0.0,0.0,0.0,89.3,2687.6,634.3,102.9,15.1,17.3,34.7,10.7,0.0,68.3,37.6
2013-07-09,Breakfast,233.0,11.8,0.0,0.0,0.0,0.0,0.0,0.0,0.0,22.4,0.0,0.0,9.3,0.0,0.0,0.0,0.0
2013-07-09,Lunch,500.0,20.6,14.6,0.0,0.0,0.0,0.0,300.0,0.0,32.6,0.0,32.6,23.0,0.0,0.0,126.0,0.0
2013-07-09,Dinner,1327.0,36.9,12.2,2.8,12.6,0.0,390.0,1745.0,2274.0,97.6,36.9,9.2,142.3,0.0,0.0,0.0,22.0
2013-07-09,Snacks,486.0,15.6,6.8,2.4,5.6,0.0,7.2,578.8,0.0,76.8,4.4,30.0,10.0,0.0,0.0,0.0,0.0
2013-07-10,Breakfast,493.0,15.0,3.2,0.0,0.0,0.4,0.0,358.0,0.0,73.1,4.9,21.5,13.4,0.0,0.0,0.0,0.0
2013-07-10,Lunch,863.5,32.3,19.9,1.8,4.2,0.0,5.0,831.7,0.0,90.2,3.3,55.3,30.5,0.0,0.0,126.0,0.0
2013-07-10,Dinner,855.0,26.8,13.8,0.0,0.0,0.0,0.0,1917.3,0.0,132.9,19.7,37.3,24.1,0.0,0.0,3.3,9.8
2013-07-10,Snacks,78.0,0.0,0.0,0.0,0.0,0.0,0.0,117.0,48.0,19.8,0.0,19.8,0.0,0.0,0.0,5.0,0.0
2013-07-11,Breakfast,340.0,12.0,2.5,0.0,0.0,0.0,65.0,940.0,0.0,57.0,1.0,10.0,23.0,8.0,4.0,6.0,14.0
2013-07-11,Lunch,864.0,32.3,19.8,1.8,4.2,0.0,5.2,782.9,0.0,90.2,3.3,55.2,30.5,0.0,0.0,126.0,0.0
2013-07-11,Dinner,686.0,26.0,10.0,0.0,0.0,0.0,74.0,2400.0,0.0,82.0,8.0,14.0,46.0,0.0,0.0,0.0,0.0
2013-07-13,Breakfast,264.0,15.2,0.0,0.0,0.0,0.8,0.0,0.0,0.0,19.2,0.0,0.0,12.8,0.0,0.0,0.0,0.0
2013-07-13,Snacks,620.0,8.0,7.6,0.0,0.0,0.0,0.0,770.0,2496.0,95.6,16.0,69.6,12.0,0.0,0.0,44.1,0.0
2013-07-14,Lunch,1660.0,25.3,18.9,0.6,4.6,0.0,125.0,1116.0,62.0,292.1,0.0,4.1,66.2,8.4,0.0,49.3,3.6
2013-07-14,Snacks,1434.0,31.2,17.6,0.0,0.0,0.0,0.0,191.8,550.0,278.2,12.4,145.8,22.4,21.8,65.2,10.8,16.8
2013-07-15,Breakfast,493.0,15.0,3.2,0.0,0.0,0.4,0.0,358.0,0.0,73.1,4.9,21.5,13.4,0.0,0.0,0.0,0.0
2013-07-15,Lunch,863.5,32.3,19.9,1.8,4.2,0.0,5.0,831.7,0.0,90.2,3.3,55.3,30.5,0.0,0.0,126.0,0.0
2013-07-15,Dinner,648.5,9.3,4.4,0.8,2.4,0.0,0.0,1729.0,0.0,104.5,21.0,25.8,25.3,0.0,0.0,0.0,0.0
2013-07-15,Snacks,160.0,0.0,0.0,0.0,0.0,0.0,0.0,10.0,550.0,37.0,0.0,25.0,2.0,0.0,0.0,0.0,6.0
2013-07-16,Breakfast,870.0,36.6,25.5,0.0,0.0,0.0,135.0,2550.0,0.0,75.0,0.0,3.9,45.9,18.0,6.0,75.0,45.0
2013-07-16,Lunch,742.5,28.4,18.1,1.2,2.8,0.0,3.4,638.2,0.0,71.0,2.2,47.7,28.0,0.0,0.0,126.0,0.0
2013-07-16,Dinner,335.0,1.8,0.6,0.5,0.1,0.0,0.0,10.0,955.0,85.8,4.5,81.3,3.2,10.0,33.3,7.0,8.1
2013-07-16,Snacks,870.0,36.6,25.5,0.0,0.0,0.0,135.0,2550.0,0.0,75.0,0.0,3.9,45.9,18.0,6.0,75.0,45.0
2013-07-17,Breakfast,493.0,15.0,3.2,0.0,0.0,0.4,0.0,358.0,0.0,73.1,4.9,21.5,13.4,0.0,0.0,0.0,0.0
2013-07-17,Lunch,1000.0,43.0,13.0,0.0,0.0,0.0,110.0,2730.0,0.0,95.0,5.0,17.0,56.0,45.0,40.0,100.0,50.0
2013-07-17,Dinner,781.5,12.9,6.4,1.2,3.6,0.0,0.0,1956.0,0.0,126.8,22.8,27.0,28.8,0.0,0.0,0.0,0.0
2013-09-02,Breakfast,312.0,10.6,0.0,1.0,1.5,0.4,0.0,105.0,150.0,46.6,5.0,12.0,10.4,15.0,20.0,0.0,10.0
2013-09-02,Lunch,761.0,16.0,4.4,3.8,5.8,0.0,178.6,187.0,459.8,90.0,2.0,0.0,59.4,2.4,0.0,4.2,19.8
2013-09-02,Snacks,486.0,15.6,6.8,2.4,5.6,0.0,7.2,578.8,0.0,76.8,4.4,30.0,10.0,0.0,0.0,0.0,0.0
2013-09-24,Lunch,579.5,8.0,2.2,1.9,2.9,0.0,89.3,100.5,229.9,90.0,2.0,0.0,33.7,1.2,0.0,3.1,12.9
2013-09-24,Dinner,475.0,14.5,4.0,0.0,0.0,0.0,70.0,260.0,300.0,47.0,9.5,24.0,39.5,0.0,0.0,15.0,8.0
2013-10-03,Breakfast,580.0,24.4,17.0,0.0,0.0,0.0,90.0,1700.0,0.0,50.0,0.0,2.6,30.6,12.0,4.0,50.0,30.0
2013-10-03,Lunch,684.5,8.4,2.3,1.9,2.9,0.0,89.3,101.7,659.9,117.4,5.1,14.7,34.9,2.4,18.0,4.3,14.1
2013-10-03,Dinner,780.0,21.0,8.9,0.0,0.0,1.0,100.0,1980.0,0.0,98.0,7.0,16.0,53.0,20.0,45.0,90.0,50.0
2013-10-03,Snacks,264.6,8.2,3.6,1.4,2.8,0.0,4.0,318.0,0.0,43.0,2.4,17.2,4.6,0.0,0.0,0.0,0.0
2013-10-05,Breakfast,535.0,15.3,3.9,1.0,1.0,0.0,70.0,322.0,405.0,61.6,12.1,24.6,39.0,7.5,0.0,16.0,53.0
2013-10-05,Dinner,630.0,13.6,3.8,0.0,0.0,0.0,70.0,254.4,1160.0,95.4,14.8,49.0,38.4,2.4,36.0,17.4,10.4
2013-10-05,Snacks,949.6,1.3,0.4,0.3,0.1,0.0,0.0,689.0,1686.3,238.0,10.5,191.8,4.4,5.2,58.5,30.3,5.9
2013-10-06,Breakfast,525.0,13.2,3.7,0.0,0.0,0.0,70.0,253.2,730.0,68.0,11.7,34.3,37.2,1.2,18.0,16.2,9.2
2013-10-17,Breakfast,290.0,12.2,8.5,0.0,0.0,0.0,45.0,850.0,0.0,25.0,0.0,1.3,15.3,6.0,2.0,25.0,15.0
2013-10-17,Lunch,406.3,6.6,1.7,1.5,2.3,0.0,47.3,49.8,455.1,66.8,1.2,18.6,15.9,35.1,40.5,2.7,7.8
2013-10-17,Dinner,488.6,13.0,3.6,0.0,0.0,0.0,70.0,253.4,532.4,58.2,11.7,31.5,37.3,6.9,137.9,21.0,9.0
2013-10-17,Snacks,264.6,8.2,3.6,1.4,2.8,0.0,4.0,318.0,0.0,43.0,2.4,17.2,4.6,0.0,0.0,0.0,0.0
2013-10-18,Breakfast,580.0,24.4,17.0,0.0,0.0,0.0,90.0,1700.0,0.0,50.0,0.0,2.6,30.6,12.0,4.0,50.0,30.0
2013-10-18,Lunch,1573.7,53.5,15.0,0.0,0.0,0.0,143.0,2167.7,2955.3,230.3,11.3,15.0,110.7,4.0,75.0,588.9,14.6
2013-10-18,Dinner,420.0,12.8,3.6,0.0,0.0,0.0,70.0,252.0,300.0,40.6,8.6,19.6,36.0,0.0,0.0,15.0,8.0
2013-10-20,Breakfast,378.0,14.4,0.0,1.0,1.5,0.6,0.0,105.0,150.0,51.4,5.0,12.0,13.6,15.0,20.0,0.0,10.0
2013-10-20,Lunch,1047.3,72.5,8.0,6.3,11.6,0.0,840.8,780.4,270.4,41.1,1.5,6.1,57.0,26.8,0.0,13.8,32.2
2013-10-20,Dinner,1050.0,26.4,7.4,0.0,0.0,0.0,140.0,506.4,1460.0,136.0,23.4,68.6,74.4,2.4,36.0,32.4,18.4
2013-10-31,Breakfast,870.0,36.6,25.5,0.0,0.0,0.0,135.0,2550.0,0.0,75.0,0.0,3.9,45.9,18.0,6.0,75.0,45.0
2013-10-31,Lunch,406.3,6.6,1.7,1.5,2.3,0.0,47.3,49.8,455.1,66.8,1.2,18.6,15.9,35.1,40.5,2.7,7.8
2013-10-31,Dinner,742.3,24.4,7.0,0.3,0.5,0.0,306.0,548.2,863.8,81.9,13.6,39.9,50.9,11.2,18.0,58.2,15.0
2013-11-03,Breakfast,735.0,14.0,4.0,0.0,0.0,0.0,70.0,255.6,1590.0,122.8,17.9,63.7,39.6,3.6,54.0,18.6,11.6
2013-11-04,Breakfast,535.0,8.0,2.0,0.0,0.0,0.0,0.0,35.6,1290.0,107.8,12.9,61.7,17.6,3.6,54.0,3.6,3.6
2013-11-04,Dinner,525.0,13.2,3.7,0.0,0.0,0.0,70.0,253.2,730.0,68.0,11.7,34.3,37.2,1.2,18.0,16.2,9.2
2013-11-04,Snacks,540.5,4.3,0.8,1.4,0.5,0.0,0.5,334.4,2099.6,122.4,14.5,53.6,12.1,12.6,81.2,16.0,21.9
2013-11-09,Snacks,740.0,50.5,21.4,0.0,0.0,0.0,0.0,955.9,0.0,31.7,2.7,1.0,41.3,0.0,0.0,118.7,15.4
2013-11-12,Breakfast,270.0,8.6,3.8,1.4,3.0,0.0,4.0,321.6,0.0,42.6,2.6,16.8,5.6,0.0,0.0,0.0,0.0
2013-11-12,Lunch,316.3,6.2,1.7,1.3,2.2,0.0,47.3,46.8,119.1,44.1,0.0,0.0,14.1,1.0,0.0,0.6,3.8
2013-11-12,Snacks,132.3,4.1,1.8,0.7,1.4,0.0,2.0,159.0,0.0,21.5,1.2,8.6,2.3,0.0,0.0,0.0,0.0
2013-11-18,Breakfast,429.6,8.2,3.6,1.4,2.8,0.0,4.0,548.0,75.0,84.0,2.4,56.2,4.6,0.0,0.0,0.1,0.0
2013-11-18,Lunch,841.3,20.2,10.1,3.4,6.7,0.0,316.3,225.5,0.0,87.5,8.1,10.1,74.0,50.5,40.4,16.8,50.5
2013-11-19,Lunch,662.0,50.0,16.0,6.0,22.0,0.0,144.0,130.0,0.0,20.0,7.4,8.0,36.0,20.0,66.0,18.0,30.0
2013-11-19,Dinner,525.0,13.2,3.7,0.0,0.0,0.0,70.0,253.2,730.0,68.0,11.7,34.3,37.2,1.2,18.0,16.2,9.2
2013-11-19,Snacks,135.0,4.3,1.9,0.7,1.5,0.0,2.0,160.8,0.0,21.3,1.3,8.4,2.8,0.0,0.0,0.0,0.0
2013-11-20,Breakfast,373.0,19.8,13.1,0.0,0.0,0.0,0.0,131.2,430.0,41.8,3.1,29.1,10.6,1.2,18.0,43.2,1.2
2013-11-20,Lunch,966.0,52.4,16.4,6.0,22.0,0.0,144.0,602.0,0.0,76.8,12.4,10.0,47.0,20.0,66.0,18.0,30.0
2013-11-20,Dinner,1260.0,27.2,7.6,0.0,0.0,0.0,140.0,508.8,2320.0,190.8,29.6,98.0,76.8,4.8,72.0,34.8,20.8
2013-11-21,Breakfast,373.0,19.8,13.1,0.0,0.0,0.0,0.0,131.2,430.0,41.8,3.1,29.1,10.6,1.2,18.0,43.2,1.2
2013-11-21,Lunch,1118.0,53.6,16.6,6.0,22.0,0.0,144.0,838.0,0.0,105.2,14.9,11.0,52.5,20.0,66.0,18.0,30.0
2013-11-27,Breakfast,312.0,10.6,0.0,1.0,1.5,0.4,0.0,105.0,150.0,46.6,5.0,12.0,10.4,15.0,20.0,0.0,10.0
2013-11-27,Lunch,1199.9,53.2,18.8,4.9,8.1,0.0,297.6,2166.9,1773.8,64.1,9.8,2.8,97.5,2.4,1.3,4.6,17.8
2013-12-04,Breakfast,315.0,1.2,0.4,0.0,0.0,0.0,0.0,3.6,1290.0,82.2,9.3,44.1,3.6,3.6,54.0,3.6,3.6
2013-12-05,Breakfast,471.0,3.6,1.6,0.0,0.0,0.0,0.0,249.2,1290.0,111.8,10.1,44.1,8.0,3.6,54.0,7.3,19.0
2013-12-05,Lunch,544.7,12.3,2.4,6.3,4.0,0.0,94.0,483.7,1504.9,60.4,7.3,9.8,45.0,181.6,21.1,9.2,13.9
2013-12-05,Dinner,525.0,13.2,3.7,0.0,0.0,0.0,70.0,253.2,730.0,68.0,11.7,34.3,37.2,1.2,18.0,16.2,9.2
2013-12-05,Snacks,363.0,11.7,0.0,0.0,0.0,0.0,0.0,0.0,0.0,57.9,0.0,0.0,6.6,0.0,0.0,0.0,0.0
2014-01-14,Breakfast,518.0,15.0,1.7,2.0,2.0,0.4,0.0,385.6,210.0,81.2,7.8,10.0,16.8,15.0,0.0,5.7,105.4
2014-01-14,Dinner,585.0,22.3,3.6,0.0,0.0,0.5,55.0,252.0,170.0,52.6,8.6,19.6,44.0,0.0,0.0,10.0,2.0
2014-01-15,Breakfast,362.0,12.6,0.5,2.0,2.0,0.4,0.0,140.0,210.0,51.6,7.0,10.0,12.4,15.0,0.0,2.0,90.0
2014-01-15,Lunch,1269.0,59.5,20.4,0.5,0.1,0.0,119.0,1337.0,1677.0,123.1,12.4,39.7,79.8,41.2,520.7,6.6,24.1
2014-01-15,Dinner,1564.0,64.1,34.7,0.0,0.0,0.4,55.0,1203.4,1030.0,185.0,30.0,78.6,69.9,2.4,36.0,117.4,4.4
2014-01-16,Breakfast,1230.8,11.5,4.2,0.0,0.0,0.0,0.0,568.4,0.0,182.3,73.3,0.0,8.8,0.0,0.0,7.5,30.9
2014-01-16,Lunch,819.0,28.5,13.4,0.5,0.1,0.0,119.0,1337.0,1677.0,110.1,12.4,39.7,49.8,41.2,520.7,6.6,24.1
2014-01-17,Lunch,299.4,8.2,4.9,0.0,0.0,0.0,0.0,156.0,0.0,45.1,2.2,0.1,11.2,0.0,0.0,23.0,0.0
2014-01-17,Dinner,1039.0,45.0,8.7,0.0,0.0,1.5,55.0,287.4,1030.0,113.0,11.2,38.6,53.1,2.4,36.0,33.4,4.4
2014-01-17,Snacks,562.5,4.1,1.1,0.0,0.0,0.0,0.0,47.3,0.0,75.4,43.9,0.0,0.0,0.0,0.0,0.0,0.0
2014-01-18,Breakfast,362.0,12.6,0.5,2.0,2.0,0.4,0.0,140.0,210.0,51.6,7.0,10.0,12.4,15.0,0.0,2.0,90.0
2014-01-18,Lunch,602.4,48.3,20.4,0.0,0.0,0.0,120.0,1516.0,0.0,4.1,0.0,2.1,34.3,0.0,0.0,27.0,8.0
2014-01-18,Dinner,1007.0,47.9,10.5,0.0,0.0,1.0,115.0,900.0,170.0,86.0,7.2,3.0,56.9,0.0,0.0,12.0,6.0
2014-01-18,Snacks,140.0,0.0,0.0,0.0,0.0,0.0,0.0,135.0,0.0,35.0,0.0,35.0,0.0,0.0,0.0,0.0,0.0
2014-01-19,Breakfast,395.0,14.5,0.5,2.0,2.0,0.5,0.0,140.0,210.0,54.0,7.0,10.0,14.0,15.0,0.0,2.0,90.0
2014-01-19,Lunch,1417.4,50.2,20.1,3.0,7.8,0.0,498.0,1178.0,2526.0,47.1,2.2,1.1,181.8,0.0,0.0,37.0,130.0
2014-01-19,Dinner,1060.0,50.0,4.0,0.0,0.0,2.0,110.0,440.0,340.0,78.0,10.0,4.0,76.0,0.0,0.0,20.0,4.0
2014-01-19,Snacks,188.0,0.0,0.0,0.0,0.0,0.0,0.0,0.0,0.0,0.0,0.0,46.0,0.0,0.0,400.0,0.0,0.0
2014-01-20,Breakfast,362.0,12.6,0.5,2.0,2.0,0.4,0.0,140.0,210.0,51.6,7.0,10.0,12.4,15.0,0.0,2.0,90.0
2014-01-20,Lunch,853.0,30.3,10.9,1.2,2.7,0.0,206.0,797.0,1178.0,69.7,3.4,19.6,72.9,34.1,40.5,8.1,50.0
2014-01-20,Dinner,740.0,25.8,2.2,0.0,0.0,1.0,55.0,222.4,1030.0,93.8,11.2,31.4,40.4,2.4,36.0,12.4,4.4
2014-01-20,Snacks,728.1,18.2,3.1,4.4,7.0,0.0,0.0,277.4,186.2,81.5,46.2,1.2,6.7,0.0,0.0,1.5,3.6
2014-01-21,Breakfast,720.0,17.0,2.6,0.0,0.0,0.6,0.0,493.6,860.0,128.4,7.8,29.4,20.8,2.4,36.0,9.8,33.2
2014-01-21,Lunch,737.0,43.9,16.5,0.0,0.0,0.0,120.0,1360.0,0.0,49.0,2.2,2.0,32.9,0.0,0.0,4.0,8.0
2014-01-21,Dinner,1480.0,51.6,4.4,0.0,0.0,2.0,110.0,444.8,2060.0,187.6,22.4,62.8,80.8,4.8,72.0,24.8,8.8
2014-01-21,Snacks,375.0,2.8,0.8,0.0,0.0,0.0,0.0,31.5,0.0,50.3,29.3,0.0,0.0,0.0,0.0,0.0,0.0
2014-01-22,Breakfast,312.0,4.8,2.4,0.0,0.0,0.0,0.0,491.2,0.0,59.2,1.6,0.0,8.8,0.0,0.0,7.5,30.9
2014-01-22,Lunch,1203.4,51.4,21.1,0.2,0.0,0.0,120.0,1522.0,1173.0,140.2,12.0,60.5,43.6,16.8,228.5,31.6,16.0
2014-01-22,Dinner,980.0,33.1,7.4,0.0,0.0,1.0,88.0,550.0,170.0,112.5,6.5,2.0,58.7,0.0,0.0,685.0,2.0
2014-01-22,Snacks,126.0,0.0,0.0,0.0,0.0,0.0,0.0,226.0,0.0,31.0,0.0,31.0,0.0,0.0,0.0,0.0,0.0
2014-01-23,Breakfast,834.0,25.8,7.2,0.0,0.0,0.0,692.0,626.0,189.0,101.0,2.0,0.0,45.6,18.0,0.0,975.0,1.8
2014-01-23,Lunch,829.4,30.1,13.1,0.1,0.1,0.0,60.0,840.0,940.0,107.8,8.2,37.9,28.6,24.8,61.0,26.4,8.7
2014-01-23,Dinner,867.5,32.8,14.7,0.0,0.0,0.0,76.0,1338.6,0.0,102.4,2.8,2.6,39.7,0.0,0.0,113.6,8.9
2014-01-23,Snacks,375.0,2.8,0.8,0.0,0.0,0.0,0.0,31.5,0.0,50.3,29.3,0.0,0.0,0.0,0.0,0.0,0.0
2014-01-25,Breakfast,450.0,10.0,0.0,0.0,0.0,0.0,0.0,0.0,0.0,75.0,0.0,0.0,17.5,0.0,0.0,70.0,0.0
2014-01-25,Lunch,442.4,30.6,5.9,3.7,8.8,0.5,630.7,281.5,202.9,13.2,0.0,1.1,26.8,20.1,0.0,8.1,15.2
2014-01-25,Snacks,114.8,0.6,0.0,0.3,0.0,0.0,0.0,193.2,896.0,28.0,7.8,13.2,2.5,935.2,25.2,8.4,2.8
2014-01-26,Breakfast,342.2,3.9,2.1,0.2,0.4,0.0,12.0,228.0,470.9,63.3,5.1,29.8,17.2,20.0,47.3,1.8,3.6
2014-01-26,Lunch,749.0,25.2,7.4,5.6,10.1,153.0,669.0,194.0,3029.7,45.3,5.3,2.7,46.3,0.0,96.0,8.3,30.7
2014-01-26,Dinner,749.0,25.2,7.4,5.6,10.1,153.0,669.0,194.0,3029.7,45.3,5.3,2.7,46.3,0.0,96.0,8.3,30.7
2014-01-26,Snacks,566.0,16.2,11.3,0.0,0.0,0.2,61.0,1146.0,0.0,65.0,0.8,21.7,35.3,6.0,8.0,25.0,15.0
2014-01-27,Breakfast,342.0,11.6,0.0,1.0,2.0,0.4,0.0,135.0,210.0,50.6,5.0,13.0,10.4,15.0,0.0,0.0,50.0
2014-01-27,Lunch,1145.0,26.4,7.6,5.9,10.2,153.0,669.0,201.0,4311.7,138.9,14.5,64.2,51.4,38.3,291.2,13.0,39.8
2014-01-27,Dinner,740.0,25.8,2.2,0.0,0.0,1.0,55.0,222.4,1030.0,93.8,11.2,31.4,40.4,2.4,36.0,12.4,4.4
2014-01-27,Snacks,600.0,4.4,1.2,0.0,0.0,0.0,0.0,50.4,0.0,80.4,46.8,0.0,0.0,0.0,0.0,0.0,0.0
2014-01-28,Breakfast,447.0,12.0,0.1,1.0,2.0,0.4,0.0,136.2,640.0,78.0,8.1,27.7,11.6,16.2,18.0,1.2,51.2
2014-01-28,Lunch,992.0,26.0,7.5,5.8,10.2,153.0,669.0,199.0,3838.7,103.4,10.5,42.8,49.7,36.2,213.8,11.7,37.3
2014-01-28,Dinner,740.0,25.8,2.2,0.0,0.0,1.0,55.0,222.4,1030.0,93.8,11.2,31.4,40.4,2.4,36.0,12.4,4.4
2014-01-28,Snacks,513.0,4.8,2.2,0.0,0.0,0.1,8.0,179.5,0.0,70.3,29.7,10.2,10.0,0.0,3.0,0.0,0.0
2014-01-29,Breakfast,762.0,14.8,2.4,0.0,0.0,0.0,0.0,491.2,0.0,134.2,1.6,0.0,26.3,0.0,0.0,77.5,30.9
2014-01-29,Lunch,944.0,25.9,7.5,5.8,10.2,153.0,669.0,198.0,3723.7,90.8,9.1,33.5,49.2,35.1,153.5,10.4,35.7
2014-01-29,Dinner,1315.0,62.7,8.4,0.0,0.0,2.0,795.0,353.6,1290.0,131.7,9.3,44.1,67.1,3.6,54.0,3.6,3.6
2014-01-29,Snacks,318.8,2.3,0.6,0.0,0.0,0.0,0.0,26.8,0.0,42.7,24.9,0.0,0.0,0.0,0.0,0.0,0.0
2014-01-30,Breakfast,105.0,0.4,0.1,0.0,0.0,0.0,0.0,1.2,430.0,27.4,3.1,14.7,1.2,1.2,18.0,1.2,1.2
2014-01-30,Lunch,1755.0,75.9,15.3,19.8,21.8,153.0,687.0,1826.0,3029.7,163.7,9.7,38.2,70.6,0.0,96.0,16.3,38.7
2014-01-30,Dinner,68.0,4.7,1.6,0.0,0.0,0.0,159.0,70.0,0.0,0.3,0.0,0.0,6.3,0.0,0.0,0.0,0.0
2014-01-30,Snacks,494.0,21.1,8.9,0.0,0.0,0.0,5.0,196.0,0.0,70.6,1.0,57.6,5.9,0.0,0.0,4.0,2.0
2014-02-01,Breakfast,836.0,39.0,3.3,0.0,0.0,1.0,318.0,631.2,515.0,88.5,3.1,14.7,36.0,1.2,18.0,1.2,1.2
2014-02-03,Breakfast,342.0,11.6,0.0,1.0,2.0,0.4,0.0,135.0,210.0,50.6,5.0,13.0,10.4,15.0,0.0,0.0,50.0
2014-02-03,Lunch,843.0,42.3,6.6,0.1,0.1,0.0,0.0,68.0,582.0,77.1,3.4,31.8,39.0,23.8,44.0,22.4,3.7
2014-02-03,Dinner,544.0,29.0,7.9,0.0,0.0,0.5,497.0,296.2,430.0,40.3,3.1,14.7,33.1,5.2,18.0,16.2,1.2
2014-02-04,Dinner,604.0,38.1,7.8,0.0,0.0,1.0,497.0,295.0,0.0,24.9,0.0,0.0,39.9,4.0,0.0,15.0,0.0
2014-02-05,Breakfast,468.0,7.2,3.6,0.0,0.0,0.0,0.0,736.8,0.0,88.8,2.4,0.0,13.2,0.0,0.0,11.2,46.3
2014-02-05,Lunch,715.0,3.0,1.4,0.3,0.8,0.0,7.4,93.0,621.0,61.0,3.8,40.0,7.6,33.0,60.0,25.0,2.6
2014-02-05,Dinner,707.6,23.0,10.2,0.0,0.0,0.4,512.7,620.7,0.0,83.0,2.1,0.0,42.5,0.0,0.0,75.0,0.0
2014-02-06,Breakfast,342.0,11.6,0.0,1.0,2.0,0.4,0.0,135.0,210.0,50.6,5.0,13.0,10.4,15.0,0.0,0.0,50.0
2014-02-07,Breakfast,792.5,6.6,4.0,0.0,0.0,0.2,20.0,384.8,1720.0,165.6,13.9,85.8,30.8,4.8,72.0,104.8,4.8
2014-02-07,Dinner,1344.0,70.5,38.5,6.0,8.0,13.1,136.0,337.0,0.0,114.0,8.8,36.0,65.5,34.0,194.0,115.0,56.0
2014-02-07,Snacks,372.5,5.0,3.5,0.0,0.0,0.2,20.0,380.0,0.0,56.0,1.5,27.0,26.0,0.0,0.0,100.0,0.0
2014-02-10,Breakfast,412.0,16.2,3.2,0.0,0.0,0.1,9.0,945.0,0.0,48.5,2.0,10.0,13.2,0.0,0.0,36.3,0.0
2014-02-10,Lunch,1979.4,135.6,42.6,17.4,58.6,0.0,384.0,720.0,754.8,99.4,25.8,34.4,102.8,404.2,199.6,58.0,93.6
2014-02-10,Dinner,2200.0,68.0,14.4,0.0,0.0,0.4,146.0,2620.0,340.0,269.6,14.0,24.0,116.0,0.0,0.0,257.2,0.0
2014-02-11,Breakfast,573.2,10.3,3.2,1.0,2.0,0.0,3.6,684.2,210.0,104.7,6.6,13.0,16.3,15.0,0.0,22.0,80.9
2014-02-11,Lunch,1122.2,67.7,21.4,8.4,29.4,0.0,192.0,229.0,1071.4,82.7,16.2,46.5,52.3,237.2,157.3,30.1,47.8
2014-02-11,Dinner,689.0,17.8,8.1,0.0,0.0,0.3,82.0,656.2,600.0,76.3,8.1,16.7,49.6,1.2,18.0,110.1,1.2
2014-02-12,Breakfast,725.5,11.5,5.2,0.6,2.7,0.0,0.0,358.3,1290.0,174.2,14.0,89.3,17.4,3.6,123.7,98.2,56.3
2014-02-12,Lunch,1097.7,68.6,21.3,9.2,29.4,0.0,192.0,446.3,336.0,74.4,12.1,32.3,53.8,60.8,128.5,28.1,52.0
2014-02-13,Breakfast,338.0,7.8,2.0,1.0,2.0,0.1,9.0,280.0,210.0,52.3,5.0,13.0,12.8,15.0,0.0,36.3,50.0
2014-02-13,Lunch,1099.7,69.2,21.3,9.6,29.3,0.0,192.0,628.0,230.4,71.1,13.4,18.5,54.7,200.0,95.1,29.4,53.2
2014-02-14,Breakfast,338.0,7.8,2.0,1.0,2.0,0.1,9.0,280.0,210.0,52.3,5.0,13.0,12.8,15.0,0.0,36.3,50.0
2014-02-15,Breakfast,1047.0,3.0,3.0,0.0,0.0,0.0,27.0,0.0,0.0,216.0,0.0,0.0,39.0,0.0,0.0,0.0,0.0
2014-02-15,Snacks,830.0,54.0,13.2,7.8,27.3,0.2,18.0,306.0,565.0,55.3,3.0,5.0,32.9,0.0,0.0,77.1,33.3
2014-02-16,Breakfast,308.0,6.8,2.0,1.0,1.5,0.1,9.0,250.0,150.0,48.3,5.0,12.0,12.8,15.0,20.0,36.3,10.0
2014-02-16,Lunch,666.0,14.2,6.2,0.0,0.0,0.2,73.0,512.0,886.0,83.2,10.2,26.4,41.8,2.0,34.0,82.6,4.0
2014-02-16,Dinner,608.3,45.0,0.0,0.0,0.0,0.0,0.0,0.0,0.0,20.0,0.0,0.0,25.0,0.0,0.0,0.0,0.0
2014-02-17,Breakfast,308.0,6.8,2.0,1.0,1.5,0.1,9.0,250.0,150.0,48.3,5.0,12.0,12.8,15.0,20.0,36.3,10.0
2014-02-17,Lunch,718.0,49.8,15.5,0.2,0.1,0.0,152.0,964.0,1798.0,67.0,7.4,25.1,29.6,34.1,40.5,2.1,4.0
2014-02-17,Dinner,1080.0,29.0,12.9,0.0,0.0,0.2,73.0,1308.0,600.0,149.9,15.1,16.7,55.8,1.2,18.0,73.8,1.2
2014-02-17,Snacks,170.0,15.0,1.0,0.0,0.0,0.0,0.0,0.0,0.0,3.0,4.0,1.0,6.0,0.0,0.0,8.0,8.0
2014-02-18,Lunch,762.0,59.1,22.0,0.0,0.0,0.0,152.0,1026.0,1462.0,51.5,6.2,13.7,32.5,0.0,0.0,21.0,0.0
2014-02-18,Dinner,1543.2,100.1,28.8,6.3,21.9,0.2,225.0,1483.8,2084.0,108.1,13.6,12.5,79.6,0.0,0.0,76.2,26.7
2014-02-19,Breakfast,308.0,6.8,2.0,1.0,1.5,0.1,9.0,250.0,150.0,48.3,5.0,12.0,12.8,15.0,20.0,36.3,10.0
2014-02-19,Lunch,762.0,59.1,22.0,0.0,0.0,0.0,152.0,1026.0,1462.0,51.5,6.2,13.7,32.5,0.0,0.0,21.0,0.0
2014-02-20,Breakfast,308.0,6.8,2.0,1.0,1.5,0.1,9.0,250.0,150.0,48.3,5.0,12.0,12.8,15.0,20.0,36.3,10.0
2014-02-20,Lunch,762.0,59.1,22.0,0.0,0.0,0.0,152.0,1026.0,1462.0,51.5,6.2,13.7,32.5,0.0,0.0,21.0,0.0
2014-02-20,Dinner,666.0,14.4,6.2,0.0,0.0,0.2,73.0,512.4,1030.0,92.4,11.2,31.4,42.0,2.4,36.0,75.0,2.4
2014-02-21,Breakfast,438.0,6.6,2.2,0.0,0.0,0.1,9.0,387.4,860.0,94.1,6.7,33.4,15.2,2.4,36.0,39.7,6.4
2014-02-21,Lunch,1436.0,99.6,31.0,0.4,0.2,0.0,304.0,1928.0,3596.0,134.0,14.8,50.2,59.2,68.2,81.0,4.2,8.0
2014-02-21,Dinner,1122.0,28.0,12.2,0.0,0.0,0.4,146.0,1022.4,1200.0,130.0,16.2,33.4,81.6,2.4,36.0,147.6,2.4
2014-02-24,Breakfast,332.4,8.0,2.1,2.0,2.0,0.1,7.2,256.0,210.0,51.0,7.0,10.0,13.0,15.0,0.0,31.0,90.0
2014-02-24,Lunch,729.3,17.3,10.8,0.0,0.0,0.0,38.4,612.0,0.0,112.7,4.5,1.7,31.0,0.0,0.0,0.0,0.0
2014-02-24,Dinner,666.0,14.4,6.2,0.0,0.0,0.2,73.0,512.4,1030.0,92.4,11.2,31.4,42.0,2.4,36.0,75.0,2.4
2014-02-27,Breakfast,306.8,7.3,1.7,2.0,2.0,0.1,5.4,227.0,210.0,48.8,7.0,10.0,11.3,15.0,0.0,23.8,90.0
2014-02-27,Lunch,1077.3,18.4,11.0,0.2,0.1,0.0,38.4,618.0,1167.0,193.6,12.3,54.0,35.5,37.2,134.8,3.4,7.6
2014-02-27,Dinner,561.0,14.0,6.1,0.0,0.0,0.2,73.0,511.2,600.0,65.0,8.1,16.7,40.8,1.2,18.0,73.8,1.2
2014-02-27,Snacks,179.0,0.3,0.0,0.0,0.0,0.0,0.0,9.5,373.5,47.2,9.6,31.6,1.4,100.0,219.0,48.5,1.5
2014-02-28,Lunch,195.0,0.7,0.1,0.2,0.1,0.0,0.0,4.0,694.0,45.5,3.8,30.8,2.9,35.1,57.5,2.1,5.0
2014-02-28,Dinner,561.0,14.0,6.1,0.0,0.0,0.2,73.0,511.2,600.0,65.0,8.1,16.7,40.8,1.2,18.0,73.8,1.2
2014-05-05,Breakfast,918.6,21.0,5.5,4.0,4.0,0.1,80.8,675.2,1150.0,140.0,22.1,36.7,45.8,31.2,18.0,63.8,189.2
2014-05-05,Lunch,789.0,34.3,13.7,0.6,0.2,0.0,809.1,806.0,1111.0,81.4,12.8,40.2,46.6,47.1,437.5,4.1,6.0
2014-05-05,Dinner,893.0,36.6,22.2,1.5,0.6,0.0,56.4,2256.6,1449.0,125.8,12.9,51.1,39.0,3.6,54.0,15.6,18.6
2014-05-05,Snacks,210.0,0.8,0.3,0.2,0.1,0.0,0.0,2.4,844.9,53.9,6.1,28.9,2.6,3.0,34.2,1.2,3.4
2015-06-06,Lunch,388.0,28.4,4.4,0.0,0.0,0.0,0.0,0.0,0.0,8.8,0.0,6.6,23.0,0.0,0.0,0.0,0.0
2015-06-06,Dinner,885.0,62.4,24.5,0.0,0.0,0.0,0.0,5.4,0.0,38.1,0.0,2.4,42.6,0.0,0.0,0.0,0.0
2015-06-06,Snacks,303.0,7.8,5.2,0.0,0.0,0.0,0.0,0.0,0.0,44.1,4.0,40.1,10.6,0.0,30.0,0.0,0.0
2015-07-04,Breakfast,543.0,14.8,4.0,0.0,0.0,0.0,1.6,220.0,215.2,51.6,9.0,17.8,51.2,0.0,0.0,0.0,0.0
2015-07-04,Lunch,388.5,14.4,5.3,0.0,0.0,0.0,105.0,6.0,330.0,7.9,5.4,0.0,52.9,5.8,195.0,1.2,16.1
2015-07-04,Dinner,441.3,9.1,3.3,0.0,0.0,0.0,60.0,0.0,0.0,49.0,2.7,0.0,37.6,0.0,0.0,0.0,6.7
2015-07-04,Snacks,401.6,18.6,7.4,0.0,0.0,0.0,0.0,2.4,0.0,23.9,2.2,6.9,33.3,0.0,0.0,0.0,0.0
2015-07-05,Breakfast,772.2,25.4,9.3,1.4,0.0,0.0,1.6,0.2,0.0,76.8,9.0,30.0,64.8,0.0,50.0,0.0,0.0
2015-07-05,Lunch,350.0,5.9,1.1,0.0,0.0,0.0,38.0,6.0,330.0,14.9,6.4,0.0,25.8,49.8,195.0,2.2,10.4
2015-07-05,Dinner,276.3,8.9,3.1,0.0,0.0,0.0,60.0,6.0,330.0,14.9,6.4,0.0,32.0,5.8,195.0,1.2,11.1
2015-07-05,Snacks,418.5,14.3,4.4,0.0,0.0,0.0,4.4,24.0,0.0,29.2,28.4,25.6,31.4,0.0,0.0,0.0,0.0
2015-07-06,Breakfast,8.2,1.4,0.0,1.4,0.0,0.0,0.0,0.0,0.0,0.0,0.0,0.0,0.0,0.0,0.0,0.0,0.0
2015-07-06,Lunch,623.8,14.3,3.4,0.0,0.0,0.0,195.5,194.4,595.0,39.2,2.3,1.7,79.3,0.0,0.0,5.4,18.9
2015-07-06,Dinner,642.8,9.5,2.7,0.0,0.0,0.0,195.5,193.9,595.0,52.8,3.2,0.0,80.8,0.0,0.0,5.4,18.9
2015-07-06,Snacks,540.0,20.4,7.9,0.0,0.0,0.0,0.0,110.5,0.0,28.6,10.0,27.6,55.4,0.0,0.0,34.0,4.0
2015-07-07,Breakfast,423.8,4.7,0.6,1.4,0.0,0.0,0.0,150.0,0.0,68.9,7.2,15.3,23.6,0.0,0.0,45.0,0.0
2015-07-07,Lunch,733.0,7.1,1.6,0.0,0.0,0.0,38.0,12.0,587.0,94.9,11.7,7.0,38.4,49.8,236.0,5.2,11.4
2015-07-07,Dinner,528.4,8.8,2.4,0.1,0.0,0.0,195.5,234.7,942.3,33.8,4.8,8.7,75.0,475.3,32.2,9.5,24.9
2015-07-07,Snacks,616.3,26.7,4.1,2.1,6.3,0.0,2.4,2924.0,0.0,22.0,16.5,18.0,71.6,0.0,0.0,5.6,4.2
2015-07-08,Breakfast,88.0,0.8,0.1,0.0,0.0,0.0,0.0,210.0,0.0,15.9,3.9,1.6,2.4,0.0,0.0,0.0,0.0
2015-07-08,Lunch,763.6,10.1,2.8,0.0,0.0,0.0,195.5,193.9,595.0,77.0,4.8,0.0,84.9,0.0,0.0,5.4,18.9
2015-07-08,Dinner,904.4,17.3,6.7,1.0,7.3,0.7,264.0,178.2,1204.5,70.0,3.8,0.0,107.7,0.0,0.0,0.0,0.0
2015-07-08,Snacks,678.4,26.0,9.5,0.0,0.0,0.0,0.0,1923.0,0.0,42.7,7.8,12.1,64.1,0.0,0.0,0.0,0.0
2015-07-09,Breakfast,971.6,19.1,1.8,8.3,2.2,0.0,0.0,152.4,108.8,147.5,19.6,11.8,42.8,0.2,0.5,31.7,3.6
2015-07-09,Lunch,713.8,32.8,0.2,0.0,0.0,0.0,0.0,12.0,660.0,29.8,12.8,0.0,74.4,11.6,390.0,2.4,8.8
2015-07-09,Dinner,1106.0,11.4,0.4,0.0,0.0,0.0,360.0,672.0,660.0,71.6,18.6,3.2,158.4,11.6,390.0,2.4,8.8
2015-07-09,Snacks,1407.6,60.8,7.0,6.4,19.0,0.0,4.8,2848.0,0.0,101.2,35.2,33.4,114.6,0.0,0.0,17.0,12.6
2015-07-10,Breakfast,592.3,16.1,1.8,8.3,2.2,0.0,0.0,126.4,108.8,79.9,10.4,11.7,26.7,0.2,0.5,31.7,3.6
2015-07-10,Lunch,752.2,8.8,1.8,0.0,0.0,0.0,51.7,0.0,0.0,77.0,4.8,0.0,44.3,59.8,0.0,1.4,8.2
2015-07-10,Dinner,458.6,9.0,2.5,0.0,0.0,0.0,195.5,199.9,925.0,14.9,6.4,0.0,74.7,5.8,195.0,6.6,23.3
2015-07-10,Snacks,594.0,21.6,3.5,0.0,0.0,0.0,0.0,2910.0,0.0,18.0,10.0,17.0,77.0,0.0,0.0,4.0,4.0
2015-07-11,Breakfast,462.0,4.0,0.0,0.0,0.0,0.0,0.0,275.0,269.0,68.0,9.0,1.0,34.0,0.0,0.0,0.0,0.0
2015-07-11,Lunch,766.6,10.1,2.8,0.0,0.0,0.0,195.5,232.9,606.3,77.7,4.9,0.0,85.0,0.0,0.0,6.0,18.9
2015-07-11,Dinner,548.2,8.4,2.5,0.1,0.0,0.0,45.0,430.5,546.0,71.1,15.3,9.6,42.5,5.9,211.0,4.5,11.0
2015-07-11,Snacks,549.0,13.2,7.3,0.0,0.0,0.0,0.0,3000.2,0.0,30.0,0.0,17.0,82.0,0.0,50.0,0.0,0.0
2015-07-12,Breakfast,407.0,16.6,1.2,3.9,9.9,0.0,0.0,0.8,10.9,40.5,0.0,17.2,23.5,0.0,0.2,0.1,0.5
2015-07-12,Lunch,774.6,11.1,3.2,0.0,0.0,0.0,195.5,193.9,595.0,77.0,1.0,3.0,85.9,0.0,0.0,5.4,18.9
2015-07-12,Dinner,599.4,16.2,6.4,1.0,7.3,0.7,264.0,184.2,1534.5,7.9,5.4,0.0,97.5,5.8,195.0,1.2,4.4
2015-07-12,Snacks,419.0,11.6,6.3,0.0,0.0,0.0,0.0,1500.2,0.0,28.0,0.0,15.0,55.0,0.0,50.0,0.0,0.0
2015-11-18,Breakfast,555.2,21.2,0.4,0.0,0.0,0.0,0.0,9.0,0.0,71.0,9.7,3.5,17.1,0.0,0.0,0.0,0.0
2015-11-18,Lunch,1345.0,12.0,2.2,0.0,0.0,0.0,0.0,0.0,0.0,212.0,11.4,2.0,90.5,0.0,0.0,0.0,0.0
2015-11-18,Dinner,1387.5,17.1,6.5,0.0,0.0,0.0,0.0,23.6,146.5,213.4,11.8,0.2,88.9,2.0,21.0,0.5,0.5
2016-04-10,Breakfast,701.0,18.8,4.3,0.0,0.0,0.0,0.0,1002.0,0.0,73.4,12.7,5.8,52.1,20.0,300.0,30.0,33.0
2016-04-10,Lunch,1260.8,52.4,17.2,6.4,20.8,0.0,248.0,244.0,1272.0,69.0,29.0,1.8,107.8,0.0,0.0,3.2,66.4
2016-04-10,Dinner,1096.8,28.4,0.0,0.0,0.0,0.0,0.0,0.0,0.0,69.0,29.0,1.8,128.2,0.0,0.0,3.2,66.4
2016-04-10,Snacks,749.6,22.8,5.4,0.0,0.0,0.0,75.0,700.0,0.0,24.2,6.4,14.2,108.6,0.0,0.0,160.0,0.0
2016-04-11,Breakfast,701.0,18.8,4.3,0.0,0.0,0.0,0.0,1002.0,0.0,73.4,12.7,5.8,52.1,20.0,300.0,30.0,33.0
2016-04-11,Lunch,458.4,3.4,0.0,0.0,0.0,0.0,0.0,188.0,478.0,36.5,14.5,0.9,67.9,0.0,0.0,1.6,33.2
2016-04-11,Dinner,458.4,3.4,0.0,0.0,0.0,0.0,0.0,188.0,478.0,36.5,14.5,0.9,67.9,0.0,0.0,1.6,33.2
2016-04-11,Snacks,930.7,23.4,5.8,0.3,0.1,0.0,45.0,1823.5,1267.3,96.9,11.9,53.6,91.2,4.5,51.3,61.8,5.1
2016-04-12,Lunch,258.4,1.4,0.0,0.0,0.0,0.0,0.0,0.0,0.0,34.5,14.5,0.9,19.9,0.0,0.0,1.6,33.2
2016-04-12,Snacks,110.0,1.0,0.5,0.0,0.0,0.0,30.0,130.0,0.0,2.0,0.0,1.0,24.0,0.0,0.0,10.0,0.0
2016-05-02,Snacks,424.0,20.0,0.0,0.0,0.0,0.0,0.0,0.0,0.0,43.0,0.0,0.0,18.0,0.0,0.0,0.0,0.0
2016-07-03,Breakfast,657.0,22.6,5.0,2.3,6.7,0.0,570.0,335.0,107.6,71.5,0.0,7.4,42.0,3.0,1.5,15.0,0.0
2016-07-03,Lunch,586.6,3.7,0.4,0.3,0.2,0.0,0.0,146.7,999.1,85.2,15.8,40.3,55.4,65.1,77.2,4.0,7.6
2016-07-03,Snacks,953.0,38.2,10.1,0.7,3.1,0.0,38.0,267.2,659.4,145.1,9.6,44.4,21.5,11.5,25.1,8.6,9.7
2016-07-04,Breakfast,657.0,22.6,5.0,2.3,6.7,0.0,570.0,335.0,107.6,71.5,0.0,7.4,42.0,3.0,1.5,15.0,0.0
2016-07-04,Lunch,250.0,0.0,0.0,0.0,0.0,0.0,65.0,430.0,0.0,16.0,3.0,4.0,24.0,200.0,10.0,15.0,15.0
2016-07-04,Dinner,500.9,20.3,0.1,0.0,0.0,0.0,0.0,1068.0,478.0,13.5,6.7,0.6,65.7,0.0,0.0,7.0,17.0
2016-07-04,Snacks,109.0,0.4,0.1,0.1,0.0,0.0,0.0,11.2,654.4,27.0,3.1,14.4,1.9,1.5,17.1,0.6,1.7
2016-11-11,Snacks,250.7,21.1,1.7,4.4,0.9,0.9,0.0,0.0,0.0,3.6,0.0,0.0,9.6,0.0,0.0,0.0,0.0
2017-05-02,Breakfast,419.8,24.6,4.1,2.5,4.8,0.1,529.0,611.4,249.2,27.1,1.5,0.5,21.3,22.3,0.0,9.4,18.8
2017-05-02,Lunch,660.0,26.0,4.0,0.0,0.0,0.0,90.0,900.0,0.0,66.0,4.0,2.0,44.0,40.0,16.0,20.0,30.0
2017-05-02,Dinner,660.0,26.0,4.0,0.0,0.0,0.0,90.0,900.0,0.0,66.0,4.0,2.0,44.0,40.0,16.0,20.0,30.0
2017-05-02,Snacks,695.9,42.8,19.3,2.5,7.6,0.0,0.0,688.9,0.0,39.1,0.0,20.9,34.9,0.0,0.0,0.0,0.0
2017-05-03,Breakfast,434.0,15.7,5.5,1.4,4.1,0.0,373.0,324.0,126.0,43.2,4.8,2.1,26.5,10.4,0.0,5.0,6.6
2017-05-03,Lunch,660.0,26.0,4.0,0.0,0.0,0.0,90.0,900.0,0.0,66.0,4.0,2.0,44.0,40.0,16.0,20.0,30.0
2017-05-03,Dinner,1320.0,52.0,8.0,0.0,0.0,0.0,180.0,1800.0,0.0,132.0,8.0,4.0,88.0,80.0,32.0,40.0,60.0
2017-05-03,Snacks,1755.4,74.2,28.8,9.4,26.6,0.0,373.0,1265.0,1956.6,177.6,12.4,82.2,99.7,79.4,168.4,50.4,13.4
2017-05-04,Breakfast,511.5,21.0,7.1,2.1,6.1,0.0,559.5,386.0,189.0,43.8,4.8,2.7,32.8,15.6,0.0,7.5,9.9
2017-05-04,Lunch,1070.0,50.0,11.0,0.0,0.0,0.0,185.0,975.0,0.0,112.0,7.0,32.0,50.0,46.0,18.0,24.0,50.0
2017-05-04,Snacks,602.4,33.7,5.7,0.0,0.0,0.0,38.0,642.1,67.0,46.5,1.5,11.3,23.7,8.0,0.0,2.0,6.0
2017-05-05,Breakfast,279.0,5.1,2.2,0.0,0.0,0.0,0.0,200.0,0.0,42.1,4.8,1.0,13.9,0.0,0.0,0.0,0.0
2017-05-05,Snacks,1907.6,77.8,30.4,1.2,8.7,0.0,168.5,2355.0,203.9,244.4,33.7,35.3,52.5,41.9,0.0,24.6,19.6
2017-05-08,Breakfast,380.0,21.1,0.0,0.0,0.0,0.0,0.0,0.0,0.0,28.2,1.9,0.0,19.0,0.0,0.0,0.0,0.0
2017-05-08,Lunch,660.0,26.0,4.0,0.0,0.0,0.0,90.0,900.0,0.0,66.0,4.0,2.0,44.0,40.0,16.0,20.0,30.0
2017-05-08,Snacks,103.4,5.7,5.7,0.0,0.0,0.0,0.0,220.6,116.0,11.4,0.0,6.3,0.3,0.0,0.0,0.0,0.0
2017-05-09,Breakfast,380.0,21.1,0.0,0.0,0.0,0.0,0.0,0.0,0.0,28.2,1.9,0.0,19.0,0.0,0.0,0.0,0.0
2017-05-09,Lunch,749.7,36.0,1.1,0.7,0.0,0.0,0.0,13.6,833.9,64.7,7.8,0.4,42.4,14.1,164.7,6.1,20.8
2017-05-09,Dinner,660.0,26.0,4.0,0.0,0.0,0.0,90.0,900.0,0.0,66.0,4.0,2.0,44.0,40.0,16.0,20.0,30.0
2017-05-09,Snacks,942.4,50.9,11.3,5.1,15.1,0.0,0.0,1721.8,538.4,73.7,3.1,45.6,46.1,1.5,17.1,0.6,1.7
2017-05-10,Breakfast,380.0,21.1,0.0,0.0,0.0,0.0,0.0,0.0,0.0,28.2,1.9,0.0,19.0,0.0,0.0,0.0,0.0
2017-05-10,Snacks,67.6,3.8,3.8,0.0,0.0,0.0,0.0,143.7,0.0,7.6,0.0,4.2,0.0,0.0,0.0,0.0,0.0
2017-05-11,Breakfast,380.0,21.1,0.0,0.0,0.0,0.0,0.0,0.0,0.0,28.2,1.9,0.0,19.0,0.0,0.0,0.0,0.0
2017-05-11,Lunch,376.0,66.1,5.0,3.5,8.6,0.0,0.0,328.0,495.0,123.1,0.0,73.0,24.3,0.0,0.0,5.0,15.0
2017-05-12,Breakfast,578.0,23.3,0.0,0.0,0.0,0.0,38.0,424.0,67.0,67.5,1.5,0.0,21.9,8.0,0.0,2.0,6.0
2017-05-12,Lunch,660.0,26.0,4.0,0.0,0.0,0.0,90.0,900.0,0.0,66.0,4.0,2.0,44.0,40.0,16.0,20.0,30.0
2017-05-12,Dinner,750.0,37.0,11.0,0.0,0.0,2.5,0.0,650.0,0.0,46.0,2.0,11.0,34.0,0.0,0.0,0.0,0.0
2017-05-12,Snacks,240.0,0.0,0.0,0.0,0.0,0.0,0.0,0.0,510.0,66.0,15.0,48.0,0.0,6.0,24.0,24.0,6.0
2017-05-13,Lunch,820.0,32.0,10.0,0.0,0.0,0.0,44.0,1186.0,0.0,94.0,3.0,0.0,41.0,0.0,0.0,0.0,0.0
2017-05-15,Breakfast,578.0,23.3,0.0,0.0,0.0,0.0,38.0,424.0,67.0,67.5,1.5,0.0,21.9,8.0,0.0,2.0,6.0
2017-05-15,Snacks,2.0,0.0,0.0,0.0,0.0,0.0,0.0,5.0,116.0,0.0,0.0,0.0,0.3,0.0,0.0,0.0,0.0
2017-05-16,Breakfast,195.0,18.0,5.3,1.5,5.4,0.0,652.5,247.5,0.0,3.3,1.5,0.0,20.0,21.0,0.0,15.0,12.0
2017-05-16,Lunch,660.0,26.0,4.0,0.0,0.0,0.0,90.0,900.0,0.0,66.0,4.0,2.0,44.0,40.0,16.0,20.0,30.0
2017-05-16,Dinner,1060.0,56.0,23.0,0.0,0.0,2.5,190.0,2110.0,0.0,82.0,5.0,16.0,57.0,30.0,6.0,30.0,50.0
2017-05-17,Breakfast,195.0,18.0,5.3,1.5,5.4,0.0,652.5,247.5,0.0,3.3,1.5,0.0,20.0,21.0,0.0,15.0,12.0
2017-05-17,Lunch,660.0,26.0,4.0,0.0,0.0,0.0,90.0,900.0,0.0,66.0,4.0,2.0,44.0,40.0,16.0,20.0,30.0
2017-05-22,Breakfast,347.0,11.3,0.0,0.0,0.0,0.0,0.0,0.0,0.0,41.4,0.0,0.0,17.2,0.0,0.0,0.0,0.0
2017-05-22,Lunch,660.0,26.0,4.0,0.0,0.0,0.0,90.0,900.0,0.0,66.0,4.0,2.0,44.0,40.0,16.0,20.0,30.0
2017-05-29,Breakfast,195.0,18.0,5.3,1.5,5.4,0.0,652.5,247.5,0.0,3.3,1.5,0.0,20.0,21.0,0.0,15.0,12.0
2017-05-29,Lunch,660.0,26.0,4.0,0.0,0.0,0.0,90.0,900.0,0.0,66.0,4.0,2.0,44.0,40.0,16.0,20.0,30.0
2017-05-29,Dinner,660.0,26.0,4.0,0.0,0.0,0.0,90.0,900.0,0.0,66.0,4.0,2.0,44.0,40.0,16.0,20.0,30.0
2017-05-29,Snacks,229.6,3.8,3.8,0.0,0.0,0.0,0.0,148.7,456.0,51.6,10.0,36.2,0.3,4.0,16.0,16.0,4.0
2017-05-30,Breakfast,694.0,22.6,0.0,0.0,0.0,0.0,0.0,0.0,0.0,82.8,0.0,0.0,34.4,0.0,0.0,0.0,0.0
2017-05-30,Lunch,660.0,26.0,4.0,0.0,0.0,0.0,90.0,900.0,0.0,66.0,4.0,2.0,44.0,40.0,16.0,20.0,30.0
2017-05-30,Dinner,660.0,26.0,4.0,0.0,0.0,0.0,90.0,900.0,0.0,66.0,4.0,2.0,44.0,40.0,16.0,20.0,30.0
2017-05-30,Snacks,413.8,1.3,0.4,0.4,0.1,0.0,0.0,6.4,1426.5,104.7,15.4,65.2,5.6,4.9,141.8,4.8,5.1
2017-12-04,Lunch,660.0,26.0,4.0,0.0,0.0,0.0,90.0,900.0,0.0,66.0,4.0,2.0,44.0,40.0,16.0,20.0,30.0
2017-12-04,Dinner,455.0,26.5,1.5,0.0,0.0,0.0,0.0,10.0,0.0,5.5,0.0,0.0,40.0,0.0,0.0,0.0,0.0
2017-12-04,Snacks,660.0,26.0,4.0,0.0,0.0,0.0,90.0,900.0,0.0,66.0,4.0,2.0,44.0,40.0,16.0,20.0,30.0
2017-12-05,Breakfast,517.0,19.8,8.4,0.0,0.0,0.0,0.0,70.0,0.0,61.4,10.8,20.3,18.1,0.0,0.0,0.0,0.0
2017-12-05,Lunch,660.0,26.0,4.0,0.0,0.0,0.0,90.0,900.0,0.0,66.0,4.0,2.0,44.0,40.0,16.0,20.0,30.0
2017-12-05,Snacks,763.0,27.7,13.9,0.0,0.0,0.0,0.0,3417.4,0.0,88.8,38.5,14.1,32.6,0.0,93.0,0.0,0.0
2017-12-06,Breakfast,517.0,19.8,8.4,0.0,0.0,0.0,0.0,70.0,0.0,61.4,10.8,20.3,18.1,0.0,0.0,0.0,0.0
2017-12-06,Lunch,660.0,26.0,4.0,0.0,0.0,0.0,90.0,900.0,0.0,66.0,4.0,2.0,44.0,40.0,16.0,20.0,30.0
2017-12-06,Dinner,660.0,26.0,4.0,0.0,0.0,0.0,90.0,900.0,0.0,66.0,4.0,2.0,44.0,40.0,16.0,20.0,30.0
2017-12-06,Snacks,1059.7,53.3,21.5,0.0,0.0,0.0,0.0,291.4,0.0,87.5,30.0,10.9,45.1,0.0,93.0,0.0,0.0
2017-12-07,Dinner,1435.9,92.2,17.4,2.2,12.8,0.0,0.0,1504.0,0.0,53.5,0.0,8.4,87.7,0.0,0.0,0.0,0.0
2017-12-08,Dinner,935.0,23.5,1.9,0.0,0.0,0.0,0.0,2500.0,0.0,112.0,2.0,15.0,94.1,1.0,9.5,0.5,1.0
2017-12-08,Snacks,206.0,0.4,0.1,0.1,0.0,0.0,0.0,4.2,715.4,53.0,9.1,30.4,2.3,101.5,152.1,22.6,37.7
2017-12-09,Dinner,1204.7,55.3,19.7,2.2,12.8,0.0,0.0,3405.3,0.0,78.8,14.6,27.5,88.5,1.0,9.5,0.5,1.0
2017-12-09,Snacks,0.0,0.0,0.0,0.0,0.0,0.0,0.0,0.0,80.0,0.0,0.0,0.0,0.0,100.0,125.0,20.0,36.0
2017-12-10,Dinner,1365.7,81.6,29.4,2.2,12.8,0.0,0.0,2047.0,0.0,48.6,0.0,27.4,95.6,0.0,0.0,0.0,0.0
2017-12-11,Dinner,861.1,53.2,7.6,2.3,12.8,0.0,117.8,157.8,153.8,21.3,4.9,14.5,67.6,100.0,148.0,23.2,38.4
2017-12-12,Dinner,676.1,41.6,0.0,0.1,0.0,0.0,118.5,94.3,153.8,12.6,4.9,8.1,51.7,100.0,148.0,23.2,38.4
2017-12-13,Dinner,1467.8,72.1,6.3,4.0,22.4,0.0,132.3,989.0,870.0,112.1,16.2,25.7,97.8,4.1,93.0,23.4,26.2
2017-12-14,Dinner,1653.2,131.0,29.6,4.1,39.1,0.0,44.1,1944.0,354.0,39.7,10.2,8.9,79.4,2.0,24.8,2.3,5.5
2017-12-15,Dinner,1109.7,81.5,9.5,3.8,19.8,0.0,555.0,421.5,1670.4,34.5,18.6,17.4,47.5,331.0,172.5,35.8,50.2
2017-12-15,Snacks,210.0,0.0,0.0,0.0,0.0,0.0,0.0,0.0,0.0,30.0,0.0,30.0,0.3,0.0,2.6,0.0,0.0
2017-12-16,Dinner,1398.2,89.6,16.1,2.9,14.0,0.0,0.0,3046.8,1135.4,54.0,23.9,32.2,86.7,105.0,211.0,31.1,48.2
2017-12-17,Dinner,709.1,52.0,13.9,5.0,26.8,0.0,0.0,752.9,1884.7,36.4,21.8,13.8,23.2,546.0,197.0,21.8,37.6
2017-12-18,Dinner,789.1,58.2,6.7,1.7,0.1,0.0,555.0,1605.5,370.8,31.7,3.0,9.7,31.5,40.3,82.9,24.8,26.5
2017-12-19,Dinner,1369.3,113.6,17.9,3.7,12.8,0.0,0.0,1019.6,1562.5,37.5,7.8,19.8,42.2,442.2,299.4,43.1,74.5
2017-12-20,Dinner,722.4,38.1,11.2,4.2,15.8,0.0,335.7,2683.3,537.0,13.0,10.3,6.0,93.5,119.4,177.4,34.1,82.5
2017-12-21,Dinner,896.7,57.2,20.2,2.2,12.8,0.0,171.9,804.6,454.0,13.2,11.4,6.0,74.8,100.0,169.0,25.1,54.6
2017-12-22,Snacks,97.5,0.0,0.0,0.0,0.0,0.0,0.0,0.0,0.0,8.8,0.0,0.0,1.3,0.0,0.0,0.0,0.0
2017-12-24,Dinner,264.6,8.8,1.8,1.8,0.0,0.0,0.0,0.0,0.0,7.1,0.0,7.1,35.3,0.0,0.0,0.0,0.0
2017-12-25,Dinner,529.2,17.6,2.8,9.4,3.2,0.0,476.0,810.8,1156.6,33.7,4.3,14.8,35.0,72.9,85.8,20.0,24.5
2017-12-26,Breakfast,600.0,46.0,16.0,0.0,0.0,0.0,800.0,260.0,0.0,2.0,0.0,0.0,44.0,12.0,0.0,4.0,8.0
2017-12-26,Lunch,200.0,20.8,0.0,0.0,0.0,0.0,2.0,0.0,800.0,34.4,9.6,0.0,6.0,283.2,292.8,34.8,32.4
2017-12-26,Dinner,1186.6,48.8,16.6,12.4,4.5,0.0,510.0,1949.6,664.6,20.9,4.3,18.8,174.8,70.9,75.8,32.0,88.5
2017-12-27,Dinner,786.6,36.8,10.5,12.4,4.5,0.0,290.0,1549.6,664.6,20.9,4.3,18.8,98.8,70.9,75.8,24.0,56.5
2017-12-27,Snacks,7.0,0.0,0.0,0.0,0.0,0.0,0.0,1.0,0.0,1.2,0.0,0.0,0.5,0.0,0.0,0.0,0.0
2017-12-28,Dinner,815.6,37.6,10.5,12.4,4.5,0.0,290.0,1549.6,664.6,22.0,6.6,19.7,101.9,70.9,81.3,24.0,56.5
2017-12-29,Dinner,1212.6,62.0,10.5,12.4,4.5,0.0,290.0,1549.6,664.6,47.9,4.3,18.8,122.2,70.9,75.8,24.0,56.5
2017-12-30,Dinner,477.3,29.0,5.2,12.4,4.5,0.0,60.0,1049.6,664.6,22.6,7.7,20.2,30.4,70.9,84.1,14.0,21.5
2017-12-31,Dinner,1630.1,69.2,22.5,12.4,4.5,0.0,386.0,3349.6,1252.6,41.0,7.7,33.8,149.1,70.9,84.1,24.0,56.5
2018-01-01,Dinner,1499.0,95.0,3.3,0.0,0.0,0.0,0.0,0.0,0.0,20.3,0.0,8.3,232.8,0.0,0.0,0.0,0.0
2018-01-02,Dinner,1051.4,70.4,16.9,5.3,26.8,0.0,179.9,288.8,1452.6,27.7,23.5,13.8,75.1,174.9,228.8,40.3,69.7
2018-01-03,Dinner,1492.3,118.5,34.0,8.0,40.8,0.0,0.0,513.6,2160.6,47.9,30.7,21.5,65.4,178.9,239.1,36.0,60.5
2018-01-04,Dinner,1541.6,115.6,39.4,9.0,26.8,0.0,900.0,528.5,2311.5,27.7,18.9,8.3,79.6,498.1,275.0,66.8,98.4
2018-01-05,Dinner,2459.7,181.5,24.8,7.7,40.8,0.0,112.8,3893.6,2093.5,91.5,39.3,26.2,105.1,82.1,96.7,11.8,16.4
2018-01-06,Dinner,2325.4,177.0,39.4,15.7,52.8,0.0,960.0,3495.2,3349.5,84.1,34.8,19.9,90.2,402.1,171.2,47.8,74.4
2018-01-07,Dinner,1834.2,140.9,47.5,13.5,40.0,0.0,960.0,2254.5,3339.5,50.3,29.3,19.4,83.4,502.1,290.7,67.8,110.4
2018-01-08,Dinner,1092.8,85.8,18.8,5.0,26.8,0.0,0.0,5480.1,915.7,31.9,16.0,8.3,44.7,78.1,49.7,7.6,10.0
2018-01-08,Snacks,6.5,0.0,0.0,0.0,0.0,0.0,0.0,19.0,441.2,0.6,0.2,0.0,1.2,0.0,0.0,0.0,0.0
2018-01-09,Dinner,1412.6,109.6,29.6,8.0,26.8,0.0,675.0,319.2,1218.4,29.9,13.9,11.1,60.2,118.8,180.5,44.4,61.5
2018-01-09,Snacks,9.2,0.0,0.0,0.0,0.0,0.0,0.0,19.0,441.2,1.2,0.4,0.0,1.2,0.0,0.0,0.0,0.0
2018-01-10,Dinner,851.7,66.2,4.3,0.0,0.0,0.0,0.0,6.0,0.0,19.6,4.7,13.6,38.8,0.0,0.0,0.0,0.0
2018-01-10,Snacks,8.4,0.0,0.0,0.0,0.0,0.0,0.0,14.8,343.2,1.2,0.4,0.0,0.9,0.0,0.0,0.0,0.0
2018-01-11,Dinner,1184.6,100.6,18.0,6.3,24.8,0.0,60.0,3065.9,562.7,23.1,5.1,19.8,49.6,44.4,34.6,9.1,15.4
2018-01-11,Snacks,8.6,0.0,0.0,0.0,0.0,0.0,0.0,15.8,367.7,1.2,0.4,0.0,1.0,0.0,0.0,0.0,0.0
2018-01-12,Dinner,898.5,68.5,17.8,5.3,12.8,0.0,675.0,2014.3,588.0,10.9,8.2,7.1,40.2,174.1,176.5,44.8,59.4
2018-01-13,Dinner,1497.9,113.1,40.6,10.5,45.0,0.0,217.0,287.5,1901.0,19.9,16.4,6.9,95.6,198.0,212.8,53.0,56.0
2018-01-14,Dinner,1425.4,111.1,40.6,10.5,45.0,0.0,217.0,287.5,1901.0,17.1,10.6,4.6,87.8,198.0,199.0,53.0,56.0
2018-01-15,Dinner,1580.6,135.6,44.3,4.9,26.8,0.0,0.0,74.0,788.0,16.2,10.6,3.4,78.7,198.0,199.0,53.0,56.0
2018-01-15,Snacks,8.4,0.0,0.0,0.0,0.0,0.0,0.0,14.8,343.2,1.2,0.4,0.0,0.9,0.0,0.0,0.0,0.0
2018-01-16,Dinner,1618.5,120.0,27.8,12.9,52.8,0.0,310.0,379.0,2298.0,19.3,16.4,5.7,108.4,98.0,87.8,33.0,20.0
2018-01-16,Snacks,4.6,0.0,0.0,0.0,0.0,0.0,0.0,9.5,220.6,0.6,0.2,0.0,0.6,0.0,0.0,0.0,0.0
2018-01-17,Dinner,777.9,34.8,0.3,0.0,0.0,0.0,0.0,0.0,0.0,8.5,9.2,5.7,103.9,0.0,0.0,0.0,0.0
2018-01-17,Snacks,28.0,1.6,0.0,0.0,0.0,0.0,0.0,3.2,0.0,2.4,0.0,0.0,0.0,0.0,0.0,0.0,0.0
2018-01-18,Dinner,1220.4,94.2,17.9,7.9,26.8,0.0,675.0,296.8,934.5,22.8,18.4,8.4,62.6,4.0,24.0,16.0,19.0
2018-01-19,Dinner,529.5,12.3,4.6,0.0,0.0,0.0,0.0,19.0,151.3,65.4,8.1,24.2,30.1,1.7,54.3,3.6,2.3
2018-01-19,Snacks,4.6,0.0,0.0,0.0,0.0,0.0,0.0,9.5,220.6,0.6,0.2,0.0,0.6,0.0,0.0,0.0,0.0
2018-01-20,Dinner,1763.5,137.3,34.7,15.1,48.0,0.0,192.0,1988.5,1350.0,83.6,18.9,38.0,58.8,20.0,44.0,11.5,30.0
2018-01-21,Lunch,485.6,19.5,9.1,0.0,0.0,0.0,555.0,624.7,0.0,47.1,6.6,7.6,25.4,9.0,0.0,3.0,6.0
2018-01-22,Dinner,2200.7,159.1,6.6,2.7,14.0,0.0,0.0,18.1,708.0,130.7,18.2,36.7,76.2,4.0,24.0,1.0,4.0
2018-01-23,Dinner,1068.5,88.1,6.9,6.2,27.9,0.0,0.0,332.1,1286.2,25.6,14.7,8.3,52.1,106.1,160.0,23.2,51.1
2018-01-23,Snacks,8.7,0.0,0.0,0.0,0.0,0.0,0.0,15.9,367.8,1.2,0.4,0.0,0.9,0.0,0.0,0.0,0.0
2018-01-24,Dinner,1154.1,87.3,10.6,7.1,29.0,0.0,0.0,590.7,1674.3,53.3,16.9,29.0,45.8,106.6,167.5,24.3,60.9
2018-01-24,Snacks,4.9,0.0,0.0,0.0,0.0,0.0,0.0,10.6,245.2,0.6,0.2,0.0,0.6,0.0,0.0,0.0,0.0
2018-01-25,Snacks,4.9,0.0,0.0,0.0,0.0,0.0,0.0,10.6,245.2,0.6,0.2,0.0,0.6,0.0,0.0,0.0,0.0
